run_id,architecture,configuration_slot,seed,status,selection_feasible,f1,mae_all,fpr
cnn_lstm_cfg_00_seed11,cnn_lstm,cfg_00,11,completed,True,0.6132558139534884,10.249549865722656,0.1926
cnn_lstm_cfg_03_seed29,cnn_lstm,cfg_03,29,completed,True,0.7961401726764855,8.111291885375977,0.1852
cnn_lstm_cfg_06_seed47,cnn_lstm,cfg_06,47,completed,True,0.7994733643913308,7.7569732666015625,0.1854
cnn_lstm_cfg_10_seed11,cnn_lstm,cfg_10,11,completed,True,0.7963873557451079,8.68541145324707,0.1994
cnn_lstm_cfg_13_seed29,cnn_lstm,cfg_13,29,completed,True,0.7998797474696864,8.627557754516602,0.1976
cnn_lstm_cfg_16_seed47,cnn_lstm,cfg_16,47,completed,True,0.7878849270664505,8.22096061706543,0.1966
cnn_lstm_cfg_20_seed11,cnn_lstm,cfg_20,11,completed,True,0.7955074370130527,7.641423225402832,0.1904
cnn_lstm_cfg_23_seed29,cnn_lstm,cfg_23,29,completed,True,0.7953016765385001,7.758542060852051,0.2
cnn_lstm_cfg_26_seed47,cnn_lstm,cfg_26,47,completed,True,0.7401260504201681,10.71774959564209,0.1994
convtransformer_cfg_00_seed11,convtransformer,cfg_00,11,completed,True,0.7680401589625602,9.613926887512207,0.178
convtransformer_cfg_03_seed29,convtransformer,cfg_03,29,completed,True,0.8079073482428115,7.339515686035156,0.194
convtransformer_cfg_06_seed47,convtransformer,cfg_06,47,completed,True,0.8091511137868754,7.402740478515625,0.1868
convtransformer_cfg_10_seed11,convtransformer,cfg_10,11,completed,True,0.8057669203043653,7.700192928314209,0.1928
convtransformer_cfg_13_seed29,convtransformer,cfg_13,29,completed,True,0.0,15.366399765014648,0.0
convtransformer_cfg_16_seed47,convtransformer,cfg_16,47,completed,True,0.7944019331453887,7.822988510131836,0.1974
convtransformer_cfg_20_seed11,convtransformer,cfg_20,11,completed,True,0.8024616626311541,7.685197830200195,0.187
convtransformer_cfg_23_seed29,convtransformer,cfg_23,29,completed,True,0.0,15.366399765014648,0.0
convtransformer_cfg_26_seed47,convtransformer,cfg_26,47,completed,True,0.7124380254365165,14.101584434509277,0.1946
lstm_cfg_00_seed11,lstm,cfg_00,11,completed,True,0.7975708502024291,9.904317855834961,0.188
lstm_cfg_03_seed29,lstm,cfg_03,29,completed,True,0.8010423975142829,9.511529922485352,0.1962
lstm_cfg_06_seed47,lstm,cfg_06,47,completed,True,0.7985171826470293,9.507476806640625,0.1992
lstm_cfg_10_seed11,lstm,cfg_10,11,completed,True,0.7804332350249161,9.877837181091309,0.1992
lstm_cfg_13_seed29,lstm,cfg_13,29,completed,True,0.7967088099538431,9.484159469604492,0.1992
lstm_cfg_16_seed47,lstm,cfg_16,47,completed,True,0.7839185750636132,9.729676246643066,0.1948
lstm_cfg_20_seed11,lstm,cfg_20,11,completed,True,0.7978648403666029,9.521171569824219,0.1936
lstm_cfg_23_seed29,lstm,cfg_23,29,completed,True,0.7969379532634971,9.470268249511719,0.1944
lstm_cfg_26_seed47,lstm,cfg_26,47,completed,True,0.7455534630675874,12.768439292907715,0.199
transformer_cfg_00_seed11,transformer,cfg_00,11,completed,True,0.6224489795918368,15.054187774658203,0.188
transformer_cfg_03_seed29,transformer,cfg_03,29,completed,True,0.7332694967549739,9.432843208312988,0.1906
transformer_cfg_06_seed47,transformer,cfg_06,47,completed,True,0.8046717680225534,7.762701511383057,0.1872
transformer_cfg_10_seed11,transformer,cfg_10,11,completed,True,0.6782052695402933,11.742263793945312,0.199
transformer_cfg_13_seed29,transformer,cfg_13,29,completed,True,0.0,15.366399765014648,0.0
transformer_cfg_16_seed47,transformer,cfg_16,47,completed,True,0.7253686685189144,10.329963684082031,0.1928
transformer_cfg_20_seed11,transformer,cfg_20,11,completed,True,0.6683684794672586,14.042476654052734,0.1998
transformer_cfg_23_seed29,transformer,cfg_23,29,completed,True,0.0,15.366399765014648,0.0
transformer_cfg_26_seed47,transformer,cfg_26,47,completed,True,0.5517744287797763,15.053565979003906,0.1916
xlstm_cfg_00_seed11,xlstm,cfg_00,11,completed,True,0.7078348960017243,13.827231407165527,0.199
xlstm_cfg_03_seed29,xlstm,cfg_03,29,completed,True,0.7357993466118664,13.783881187438965,0.1996
xlstm_cfg_06_seed47,xlstm,cfg_06,47,completed,True,0.7658084449021627,11.310431480407715,0.1984
xlstm_cfg_10_seed11,xlstm,cfg_10,11,completed,True,0.7927528938097634,9.552470207214355,0.1994
xlstm_cfg_13_seed29,xlstm,cfg_13,29,completed,True,0.7227648384673178,14.262240409851074,0.19
xlstm_cfg_16_seed47,xlstm,cfg_16,47,completed,True,0.7841186027619821,10.550529479980469,0.1974
xlstm_cfg_20_seed11,xlstm,cfg_20,11,completed,True,0.7778118296046583,10.435693740844727,0.1964
xlstm_cfg_23_seed29,xlstm,cfg_23,29,completed,True,0.6512314152763591,14.434037208557129,0.1884
xlstm_cfg_26_seed47,xlstm,cfg_26,47,completed,True,0.7661589131329766,11.224409103393555,0.1988
cnn_lstm_cfg_00_seed29,cnn_lstm,cfg_00,29,completed,True,0.6675666554168073,10.443296432495117,0.1844
cnn_lstm_cfg_03_seed47,cnn_lstm,cfg_03,47,completed,True,0.7928607853136155,8.126730918884277,0.1836
cnn_lstm_cfg_07_seed11,cnn_lstm,cfg_07,11,completed,True,0.2961489270996163,13.268909454345703,0.199
cnn_lstm_cfg_10_seed29,cnn_lstm,cfg_10,29,completed,True,0.7937562940584089,8.782059669494629,0.1978
cnn_lstm_cfg_13_seed47,cnn_lstm,cfg_13,47,completed,True,0.7967463141840366,8.430510520935059,0.1834
cnn_lstm_cfg_17_seed11,cnn_lstm,cfg_17,11,completed,True,0.7992332526230831,7.881318092346191,0.1902
cnn_lstm_cfg_20_seed29,cnn_lstm,cfg_20,29,completed,True,0.7974746968634132,7.6419677734375,0.2
cnn_lstm_cfg_23_seed47,cnn_lstm,cfg_23,47,completed,True,0.0,15.3663969039917,0.0
cnn_lstm_cfg_27_seed11,cnn_lstm,cfg_27,11,completed,True,0.7962256574984943,8.512289047241211,0.1992
convtransformer_cfg_00_seed29,convtransformer,cfg_00,29,completed,True,0.797422472815143,8.893841743469238,0.1944
convtransformer_cfg_03_seed47,convtransformer,cfg_03,47,completed,True,0.8090872857712236,7.286610126495361,0.1952
convtransformer_cfg_07_seed11,convtransformer,cfg_07,11,completed,True,0.0,15.366379737854004,0.0
convtransformer_cfg_10_seed29,convtransformer,cfg_10,29,completed,True,0.8061458645116233,7.623919486999512,0.1966
convtransformer_cfg_13_seed47,convtransformer,cfg_13,47,completed,True,0.0,15.366399765014648,0.0
convtransformer_cfg_17_seed11,convtransformer,cfg_17,11,completed,True,0.8014831145405351,8.097105026245117,0.196
convtransformer_cfg_20_seed29,convtransformer,cfg_20,29,completed,True,0.8008436275986743,7.624065399169922,0.194
convtransformer_cfg_23_seed47,convtransformer,cfg_23,47,completed,True,0.0,15.366399765014648,0.0
convtransformer_cfg_27_seed11,convtransformer,cfg_27,11,completed,True,0.8009713649701508,8.035165786743164,0.185
lstm_cfg_00_seed29,lstm,cfg_00,29,completed,True,0.781810766721044,10.30408000946045,0.1948
lstm_cfg_03_seed47,lstm,cfg_03,47,completed,True,0.8006408330830079,9.398167610168457,0.1978
lstm_cfg_07_seed11,lstm,cfg_07,11,completed,True,0.7999596285829632,10.262391090393066,0.189
lstm_cfg_10_seed29,lstm,cfg_10,29,completed,True,0.7637339942172656,11.09701919555664,0.1972
lstm_cfg_13_seed47,lstm,cfg_13,47,completed,True,0.7959101032597692,9.580991744995117,0.1894
lstm_cfg_17_seed11,lstm,cfg_17,11,completed,True,0.7995173939272069,9.607490539550781,0.194
lstm_cfg_20_seed29,lstm,cfg_20,29,completed,True,0.7988249594813615,9.44801139831543,0.1858
lstm_cfg_23_seed47,lstm,cfg_23,47,completed,True,0.7904022582921666,9.864856719970703,0.1998
lstm_cfg_27_seed11,lstm,cfg_27,11,completed,True,0.7958094086833888,9.529562950134277,0.1954
transformer_cfg_00_seed29,transformer,cfg_00,29,completed,True,0.5617842073538276,14.989739418029785,0.193
transformer_cfg_03_seed47,transformer,cfg_03,47,completed,True,0.7095580230785978,9.88388442993164,0.1854
transformer_cfg_07_seed11,transformer,cfg_07,11,completed,True,0.0,15.366399765014648,0.0
transformer_cfg_10_seed29,transformer,cfg_10,29,completed,True,0.5739213577148321,14.866453170776367,0.1932
transformer_cfg_13_seed47,transformer,cfg_13,47,completed,True,0.0,15.366399765014648,0.0
transformer_cfg_17_seed11,transformer,cfg_17,11,completed,True,0.6752640355753197,14.297143936157227,0.1916
transformer_cfg_20_seed29,transformer,cfg_20,29,completed,True,0.5719728539111799,15.006537437438965,0.1994
transformer_cfg_23_seed47,transformer,cfg_23,47,completed,True,0.0,15.366399765014648,0.0
transformer_cfg_27_seed11,transformer,cfg_27,11,completed,True,0.674428919937902,12.931628227233887,0.1954
xlstm_cfg_00_seed29,xlstm,cfg_00,29,completed,True,0.680375898286346,14.113653182983398,0.1936
xlstm_cfg_03_seed47,xlstm,cfg_03,47,completed,True,0.7263829787234043,13.850152969360352,0.1972
xlstm_cfg_07_seed11,xlstm,cfg_07,11,completed,True,0.6912391993875096,14.988175392150879,0.1966
xlstm_cfg_10_seed29,xlstm,cfg_10,29,completed,True,0.7978339350180506,9.557117462158203,0.1988
xlstm_cfg_13_seed47,xlstm,cfg_13,47,completed,True,0.7196151790486371,14.370408058166504,0.1978
xlstm_cfg_17_seed11,xlstm,cfg_17,11,completed,True,0.7623627809722948,13.009389877319336,0.1838
xlstm_cfg_20_seed29,xlstm,cfg_20,29,completed,True,0.7754432714973865,10.66317367553711,0.1948
xlstm_cfg_23_seed47,xlstm,cfg_23,47,completed,True,0.644457077885162,14.768664360046387,0.1922
xlstm_cfg_27_seed11,xlstm,cfg_27,11,completed,True,0.6816876518665783,13.988190650939941,0.1936
cnn_lstm_cfg_00_seed47,cnn_lstm,cfg_00,47,completed,True,0.6578326782706345,9.543611526489258,0.1952
cnn_lstm_cfg_04_seed11,cnn_lstm,cfg_04,11,completed,True,0.7353654677776605,8.170550346374512,0.199
cnn_lstm_cfg_07_seed29,cnn_lstm,cfg_07,29,completed,True,0.35066740823136816,12.33153247833252,0.1862
cnn_lstm_cfg_10_seed47,cnn_lstm,cfg_10,47,completed,True,0.7862882717933068,8.892196655273438,0.1932
cnn_lstm_cfg_14_seed11,cnn_lstm,cfg_14,11,completed,True,0.776885043263288,9.655415534973145,0.1874
cnn_lstm_cfg_17_seed29,cnn_lstm,cfg_17,29,completed,True,0.7966237942122186,7.869525909423828,0.1976
cnn_lstm_cfg_20_seed47,cnn_lstm,cfg_20,47,completed,True,0.7950935049266037,7.63875150680542,0.1984
cnn_lstm_cfg_24_seed11,cnn_lstm,cfg_24,11,completed,True,0.6327981651376147,12.282859802246094,0.1922
cnn_lstm_cfg_27_seed29,cnn_lstm,cfg_27,29,completed,True,0.792387893511489,8.615789413452148,0.193
convtransformer_cfg_00_seed47,convtransformer,cfg_00,47,completed,True,0.7844608986712648,8.644580841064453,0.1984
convtransformer_cfg_04_seed11,convtransformer,cfg_04,11,completed,True,0.7436221800548176,9.756372451782227,0.1918
convtransformer_cfg_07_seed29,convtransformer,cfg_07,29,completed,True,0.0,15.3663969039917,0.0
convtransformer_cfg_10_seed47,convtransformer,cfg_10,47,completed,True,0.8062774890043982,7.7579779624938965,0.1942
convtransformer_cfg_14_seed11,convtransformer,cfg_14,11,completed,True,0.8066165413533835,7.6848063468933105,0.1904
convtransformer_cfg_17_seed29,convtransformer,cfg_17,29,completed,True,0.7962218649517685,8.18576431274414,0.198
convtransformer_cfg_20_seed47,convtransformer,cfg_20,47,completed,True,0.8032193158953722,7.6208343505859375,0.1896
convtransformer_cfg_24_seed11,convtransformer,cfg_24,11,completed,True,0.7688033748328017,9.377542495727539,0.1966
convtransformer_cfg_27_seed29,convtransformer,cfg_27,29,completed,True,0.7985104669887279,7.880315780639648,0.1938
lstm_cfg_00_seed47,lstm,cfg_00,47,completed,True,0.7912332087667913,9.871344566345215,0.1968
lstm_cfg_04_seed11,lstm,cfg_04,11,completed,True,0.7966033158107562,9.930767059326172,0.1904
lstm_cfg_07_seed29,lstm,cfg_07,29,completed,True,0.5711824781592223,15.213492393493652,0.1612
lstm_cfg_10_seed47,lstm,cfg_10,47,completed,True,0.7817424011385585,9.857029914855957,0.1984
lstm_cfg_14_seed11,lstm,cfg_14,11,completed,True,0.7962665596146126,9.799160957336426,0.1994
lstm_cfg_17_seed29,lstm,cfg_17,29,completed,True,0.7967479674796748,9.40330982208252,0.1988
lstm_cfg_20_seed47,lstm,cfg_20,47,completed,True,0.7972688020885631,9.510692596435547,0.1978
lstm_cfg_24_seed11,lstm,cfg_24,11,completed,True,0.7191970958787103,11.805871963500977,0.1996
lstm_cfg_27_seed29,lstm,cfg_27,29,completed,True,0.793727870510875,9.576001167297363,0.1924
transformer_cfg_00_seed47,transformer,cfg_00,47,completed,True,0.6851790633608815,14.448009490966797,0.1932
transformer_cfg_04_seed11,transformer,cfg_04,11,completed,True,0.44548774126238916,15.144146919250488,0.192
transformer_cfg_07_seed29,transformer,cfg_07,29,completed,True,0.0,15.366399765014648,0.0
transformer_cfg_10_seed47,transformer,cfg_10,47,completed,True,0.6526601152151813,13.157867431640625,0.1928
transformer_cfg_14_seed11,transformer,cfg_14,11,completed,True,0.6307302464869846,14.967093467712402,0.1888
transformer_cfg_17_seed29,transformer,cfg_17,29,completed,True,0.6769060773480663,14.324326515197754,0.1974
transformer_cfg_20_seed47,transformer,cfg_20,47,completed,True,0.6447010869565217,14.3980073928833,0.197
transformer_cfg_24_seed11,transformer,cfg_24,11,completed,True,0.4657780056395796,15.206891059875488,0.197
transformer_cfg_27_seed29,transformer,cfg_27,29,completed,True,0.6716964384777544,13.271162033081055,0.1972
xlstm_cfg_00_seed47,xlstm,cfg_00,47,completed,True,0.7248965367022435,13.053868293762207,0.1708
xlstm_cfg_04_seed11,xlstm,cfg_04,11,completed,True,0.6138018726158826,14.403493881225586,0.1992
xlstm_cfg_07_seed29,xlstm,cfg_07,29,completed,True,0.6800618238021638,14.9697847366333,0.1956
xlstm_cfg_10_seed47,xlstm,cfg_10,47,completed,True,0.7876754118364857,9.700291633605957,0.1922
xlstm_cfg_14_seed11,xlstm,cfg_14,11,completed,True,0.7821650851953882,10.364081382751465,0.1936
xlstm_cfg_17_seed29,xlstm,cfg_17,29,completed,True,0.7883624608546318,10.159889221191406,0.1994
xlstm_cfg_20_seed47,xlstm,cfg_20,47,completed,True,0.7770739681242338,10.541105270385742,0.197
xlstm_cfg_24_seed11,xlstm,cfg_24,11,completed,True,0.7468142886985586,11.540078163146973,0.1998
xlstm_cfg_27_seed29,xlstm,cfg_27,29,completed,True,0.7706119079558353,10.879677772521973,0.1914
cnn_lstm_cfg_01_seed11,cnn_lstm,cfg_01,11,completed,True,0.7986758952753535,8.708792686462402,0.1976
cnn_lstm_cfg_04_seed29,cnn_lstm,cfg_04,29,completed,True,0.5815300934137401,8.210274696350098,0.1996
cnn_lstm_cfg_07_seed47,cnn_lstm,cfg_07,47,completed,True,0.43912812333864965,12.82129192352295,0.1744
cnn_lstm_cfg_11_seed11,cnn_lstm,cfg_11,11,completed,True,0.760132340777502,8.960541725158691,0.1992
cnn_lstm_cfg_14_seed29,cnn_lstm,cfg_14,29,completed,True,0.7871951219512195,9.146088600158691,0.1934
cnn_lstm_cfg_17_seed47,cnn_lstm,cfg_17,47,completed,True,0.7942747706884387,7.868288516998291,0.1962
cnn_lstm_cfg_21_seed11,cnn_lstm,cfg_21,11,completed,True,0.4387232365690267,11.550712585449219,0.1886
cnn_lstm_cfg_24_seed29,cnn_lstm,cfg_24,29,completed,True,0.6369382829559821,12.52013111114502,0.186
cnn_lstm_cfg_27_seed47,cnn_lstm,cfg_27,47,completed,True,0.794129473260957,8.735361099243164,0.1996
convtransformer_cfg_01_seed11,convtransformer,cfg_01,11,completed,True,0.0,15.366399765014648,0.0
convtransformer_cfg_04_seed29,convtransformer,cfg_04,29,completed,True,0.6625794225838814,9.702737808227539,0.1998
convtransformer_cfg_07_seed47,convtransformer,cfg_07,47,completed,True,0.0,15.366399765014648,0.0
convtransformer_cfg_11_seed11,convtransformer,cfg_11,11,completed,True,0.8081210191082803,7.742766380310059,0.1976
convtransformer_cfg_14_seed29,convtransformer,cfg_14,29,completed,True,0.8024048096192384,7.855196952819824,0.1952
convtransformer_cfg_17_seed47,convtransformer,cfg_17,47,completed,True,0.8002817184827448,8.08084487915039,0.1924
convtransformer_cfg_21_seed11,convtransformer,cfg_21,11,completed,True,0.0,15.366389274597168,0.0
convtransformer_cfg_24_seed29,convtransformer,cfg_24,29,completed,True,0.7646998249407888,9.474682807922363,0.1996
convtransformer_cfg_27_seed47,convtransformer,cfg_27,47,completed,True,0.8034375936844209,8.018024444580078,0.1974
lstm_cfg_01_seed11,lstm,cfg_01,11,completed,True,0.7959286506096946,9.433062553405762,0.1948
lstm_cfg_04_seed29,lstm,cfg_04,29,completed,True,0.8024382931947637,9.520682334899902,0.1984
lstm_cfg_07_seed47,lstm,cfg_07,47,completed,True,0.7971408436524715,9.849542617797852,0.1948
lstm_cfg_11_seed11,lstm,cfg_11,11,completed,True,0.7889574274446355,9.598416328430176,0.1976
lstm_cfg_14_seed29,lstm,cfg_14,29,completed,True,0.7841105354058722,10.135147094726562,0.1968
lstm_cfg_17_seed47,lstm,cfg_17,47,completed,True,0.7935386168601716,9.49502944946289,0.195
lstm_cfg_21_seed11,lstm,cfg_21,11,completed,True,0.7961596766043456,9.871190071105957,0.1912
lstm_cfg_24_seed29,lstm,cfg_24,29,completed,True,0.7375856615709014,12.290843963623047,0.1974
lstm_cfg_27_seed47,lstm,cfg_27,47,completed,True,0.7959927140255009,9.430912971496582,0.1898
transformer_cfg_01_seed11,transformer,cfg_01,11,completed,True,0.2207750952986023,15.366606712341309,0.1202
transformer_cfg_04_seed29,transformer,cfg_04,29,completed,True,0.44970261184380655,15.098087310791016,0.199
transformer_cfg_07_seed47,transformer,cfg_07,47,completed,True,0.0,15.366399765014648,0.0
transformer_cfg_11_seed11,transformer,cfg_11,11,completed,True,0.5613740091280327,15.034806251525879,0.1978
transformer_cfg_14_seed29,transformer,cfg_14,29,completed,True,0.5681736419234921,15.096698760986328,0.194
transformer_cfg_17_seed47,transformer,cfg_17,47,completed,True,0.6776053215077605,13.977139472961426,0.1928
transformer_cfg_21_seed11,transformer,cfg_21,11,completed,True,0.4540177995614601,15.152892112731934,0.1986
transformer_cfg_24_seed29,transformer,cfg_24,29,completed,True,0.42586750788643535,15.163490295410156,0.1976
transformer_cfg_27_seed47,transformer,cfg_27,47,completed,True,0.6719165927240461,12.589018821716309,0.1974
xlstm_cfg_01_seed11,xlstm,cfg_01,11,completed,True,0.7345986639804899,13.909828186035156,0.1934
xlstm_cfg_04_seed29,xlstm,cfg_04,29,completed,True,0.6098855727262003,14.85423755645752,0.1784
xlstm_cfg_07_seed47,xlstm,cfg_07,47,completed,True,0.6675549633577615,14.769550323486328,0.2
xlstm_cfg_11_seed11,xlstm,cfg_11,11,completed,True,0.7869516766285077,9.581528663635254,0.1974
xlstm_cfg_14_seed29,xlstm,cfg_14,29,completed,True,0.7863543788187373,10.709343910217285,0.1918
xlstm_cfg_17_seed47,xlstm,cfg_17,47,completed,True,0.7698477992595639,11.489387512207031,0.1962
xlstm_cfg_21_seed11,xlstm,cfg_21,11,completed,True,0.6822543288849675,14.546884536743164,0.1948
xlstm_cfg_24_seed29,xlstm,cfg_24,29,completed,True,0.7642192347466391,10.694828033447266,0.195
xlstm_cfg_27_seed47,xlstm,cfg_27,47,completed,True,0.7200941579285256,14.504046440124512,0.1962
cnn_lstm_cfg_01_seed29,cnn_lstm,cfg_01,29,completed,True,0.7991152221998793,8.734212875366211,0.1944
cnn_lstm_cfg_04_seed47,cnn_lstm,cfg_04,47,completed,True,0.5443873807776962,9.897194862365723,0.1904
cnn_lstm_cfg_08_seed11,cnn_lstm,cfg_08,11,completed,True,0.7521580863234529,9.151762008666992,0.1998
cnn_lstm_cfg_11_seed29,cnn_lstm,cfg_11,29,completed,True,0.7536352305774824,9.108295440673828,0.2
cnn_lstm_cfg_14_seed47,cnn_lstm,cfg_14,47,completed,True,0.7909330095122444,9.024739265441895,0.1948
cnn_lstm_cfg_18_seed11,cnn_lstm,cfg_18,11,completed,True,0.6529256841864193,9.675429344177246,0.1764
cnn_lstm_cfg_21_seed29,cnn_lstm,cfg_21,29,completed,True,0.38112030381120304,13.063213348388672,0.1936
cnn_lstm_cfg_24_seed47,cnn_lstm,cfg_24,47,completed,True,0.660281690140845,11.852927207946777,0.189
cnn_lstm_cfg_28_seed11,cnn_lstm,cfg_28,11,completed,True,0.7655136809499226,9.358694076538086,0.1956
convtransformer_cfg_01_seed29,convtransformer,cfg_01,29,completed,True,0.0,15.366399765014648,0.0
convtransformer_cfg_04_seed47,convtransformer,cfg_04,47,completed,True,0.7591997512179952,9.551688194274902,0.197
convtransformer_cfg_08_seed11,convtransformer,cfg_08,11,completed,True,0.8059282996194672,7.602151393890381,0.1924
convtransformer_cfg_11_seed29,convtransformer,cfg_11,29,completed,True,0.8049412233512652,7.818611145019531,0.1996
convtransformer_cfg_14_seed47,convtransformer,cfg_14,47,completed,True,0.8012428585747219,7.914640426635742,0.196
convtransformer_cfg_18_seed11,convtransformer,cfg_18,11,completed,True,0.7535387177352206,10.205928802490234,0.1976
convtransformer_cfg_21_seed29,convtransformer,cfg_21,29,completed,True,0.7022818211311777,13.81820011138916,0.2
convtransformer_cfg_24_seed47,convtransformer,cfg_24,47,completed,True,0.7672538860103627,9.466259002685547,0.1896
convtransformer_cfg_28_seed11,convtransformer,cfg_28,11,completed,True,0.8025695071765533,7.671790599822998,0.193
lstm_cfg_01_seed29,lstm,cfg_01,29,completed,True,0.7948511665325825,9.7119140625,0.1984
lstm_cfg_04_seed47,lstm,cfg_04,47,completed,True,0.7937924738817325,9.81816577911377,0.1892
lstm_cfg_08_seed11,lstm,cfg_08,11,completed,True,0.7390383393348867,12.472284317016602,0.1906
lstm_cfg_11_seed29,lstm,cfg_11,29,completed,True,0.7855973813420621,9.540226936340332,0.1872
lstm_cfg_14_seed47,lstm,cfg_14,47,completed,True,0.788222199736922,10.109596252441406,0.1976
lstm_cfg_18_seed11,lstm,cfg_18,11,completed,True,0.7625340885252779,10.310059547424316,0.1798
lstm_cfg_21_seed29,lstm,cfg_21,29,completed,True,0.7955689828801611,9.769625663757324,0.196
lstm_cfg_24_seed47,lstm,cfg_24,47,completed,True,0.7207535052980841,12.799328804016113,0.1952
lstm_cfg_28_seed11,lstm,cfg_28,11,completed,True,0.7635198014683073,10.180022239685059,0.1958
transformer_cfg_01_seed29,transformer,cfg_01,29,completed,True,0.26368009621166566,15.367118835449219,0.155
transformer_cfg_04_seed47,transformer,cfg_04,47,completed,True,0.49011459513915123,15.050965309143066,0.199
transformer_cfg_08_seed11,transformer,cfg_08,11,completed,True,0.5790160047421459,14.784953117370605,0.1986
transformer_cfg_11_seed29,transformer,cfg_11,29,completed,True,0.6846491228070175,11.751821517944336,0.1996
transformer_cfg_14_seed47,transformer,cfg_14,47,completed,True,0.5239970465173517,15.12695026397705,0.1994
transformer_cfg_18_seed11,transformer,cfg_18,11,completed,True,0.3902701249832012,15.164238929748535,0.1978
transformer_cfg_21_seed29,transformer,cfg_21,29,completed,True,0.43764892772041303,15.179767608642578,0.1802
transformer_cfg_24_seed47,transformer,cfg_24,47,completed,True,0.3925985518905873,15.187012672424316,0.1988
transformer_cfg_28_seed11,transformer,cfg_28,11,completed,True,0.5737412212831806,14.79738712310791,0.1982
xlstm_cfg_01_seed29,xlstm,cfg_01,29,completed,True,0.7136109918419923,14.536147117614746,0.1984
xlstm_cfg_04_seed47,xlstm,cfg_04,47,completed,True,0.7016129032258065,13.90744400024414,0.1914
xlstm_cfg_08_seed11,xlstm,cfg_08,11,completed,True,0.7761316031470318,10.248355865478516,0.1978
xlstm_cfg_11_seed29,xlstm,cfg_11,29,completed,True,0.7889294403892944,9.995085716247559,0.1946
xlstm_cfg_14_seed47,xlstm,cfg_14,47,completed,True,0.7764127764127764,11.045628547668457,0.1952
xlstm_cfg_18_seed11,xlstm,cfg_18,11,completed,True,0.7776751821073151,10.046658515930176,0.1914
xlstm_cfg_21_seed29,xlstm,cfg_21,29,completed,True,0.6974972796517954,14.690089225769043,0.197
xlstm_cfg_24_seed47,xlstm,cfg_24,47,completed,True,0.7376409823969643,11.940779685974121,0.1976
xlstm_cfg_28_seed11,xlstm,cfg_28,11,completed,True,0.7556016597510373,11.179109573364258,0.1996
cnn_lstm_cfg_01_seed47,cnn_lstm,cfg_01,47,completed,True,0.7989163154726069,8.767847061157227,0.197
cnn_lstm_cfg_05_seed11,cnn_lstm,cfg_05,11,completed,True,0.7968022667476219,8.522553443908691,0.189
cnn_lstm_cfg_08_seed29,cnn_lstm,cfg_08,29,completed,True,0.7461215932914046,9.043941497802734,0.1962
cnn_lstm_cfg_11_seed47,cnn_lstm,cfg_11,47,completed,True,0.7600373482726424,9.05379867553711,0.1952
cnn_lstm_cfg_15_seed11,cnn_lstm,cfg_15,11,completed,True,0.7741597738456706,7.763181209564209,0.1708
cnn_lstm_cfg_18_seed29,cnn_lstm,cfg_18,29,completed,True,0.6847838045989658,9.867331504821777,0.1954
cnn_lstm_cfg_21_seed47,cnn_lstm,cfg_21,47,completed,True,0.49636929460580914,11.046486854553223,0.1596
cnn_lstm_cfg_25_seed11,cnn_lstm,cfg_25,11,completed,True,0.7833502538071065,9.139321327209473,0.1984
cnn_lstm_cfg_28_seed29,cnn_lstm,cfg_28,29,completed,True,0.7765357399241104,8.925477981567383,0.193
convtransformer_cfg_01_seed47,convtransformer,cfg_01,47,completed,True,0.0,15.366399765014648,0.0
convtransformer_cfg_05_seed11,convtransformer,cfg_05,11,completed,True,0.8109235352532274,7.897611141204834,0.1974
convtransformer_cfg_08_seed29,convtransformer,cfg_08,29,completed,True,0.802703247932217,7.5953497886657715,0.187
convtransformer_cfg_11_seed47,convtransformer,cfg_11,47,completed,True,0.8061814556331007,7.855876445770264,0.1974
convtransformer_cfg_15_seed11,convtransformer,cfg_15,11,completed,True,0.0,15.366399765014648,0.0
convtransformer_cfg_18_seed29,convtransformer,cfg_18,29,completed,True,0.7433239082626453,10.414772987365723,0.2
convtransformer_cfg_21_seed47,convtransformer,cfg_21,47,completed,True,0.0,15.366399765014648,0.0
convtransformer_cfg_25_seed11,convtransformer,cfg_25,11,completed,True,0.7666977322149736,10.011971473693848,0.191
convtransformer_cfg_28_seed29,convtransformer,cfg_28,29,completed,True,0.7999598514503664,7.725833415985107,0.1956
lstm_cfg_01_seed47,lstm,cfg_01,47,completed,True,0.7954776940313709,9.799090385437012,0.1826
lstm_cfg_05_seed11,lstm,cfg_05,11,completed,True,0.7952146375791695,9.943806648254395,0.1984
lstm_cfg_08_seed29,lstm,cfg_08,29,completed,True,0.731619591664022,12.93071460723877,0.199
lstm_cfg_11_seed47,lstm,cfg_11,47,completed,True,0.7928455941794664,9.43897533416748,0.1946
lstm_cfg_15_seed11,lstm,cfg_15,11,completed,True,0.7931103948428686,9.7820405960083,0.1982
lstm_cfg_18_seed29,lstm,cfg_18,29,completed,True,0.7810554251301419,9.620166778564453,0.1942
lstm_cfg_21_seed47,lstm,cfg_21,47,completed,True,0.7903633971049702,9.796319961547852,0.195
lstm_cfg_25_seed11,lstm,cfg_25,11,completed,True,0.7955255467096645,9.322492599487305,0.1952
lstm_cfg_28_seed29,lstm,cfg_28,29,completed,True,0.7631960256675636,10.263651847839355,0.195
transformer_cfg_01_seed47,transformer,cfg_01,47,completed,True,0.29020556227327693,15.078597068786621,0.1312
transformer_cfg_05_seed11,transformer,cfg_05,11,completed,True,0.7699897225077081,9.612309455871582,0.1968
transformer_cfg_08_seed29,transformer,cfg_08,29,completed,True,0.6858460524870978,11.410621643066406,0.1968
transformer_cfg_11_seed47,transformer,cfg_11,47,completed,True,0.6409495548961425,14.230615615844727,0.1908
transformer_cfg_15_seed11,transformer,cfg_15,11,completed,True,0.0,15.366398811340332,0.0
transformer_cfg_18_seed29,transformer,cfg_18,29,completed,True,0.42017913593256057,15.231481552124023,0.1994
transformer_cfg_21_seed47,transformer,cfg_21,47,completed,True,0.44476252439817826,15.15311050415039,0.1952
transformer_cfg_25_seed11,transformer,cfg_25,11,completed,True,0.706200043205876,10.533836364746094,0.1978
transformer_cfg_28_seed29,transformer,cfg_28,29,completed,True,0.6595078299776287,13.670906066894531,0.1984
xlstm_cfg_01_seed47,xlstm,cfg_01,47,completed,True,0.6524112829845314,14.925122261047363,0.1848
xlstm_cfg_05_seed11,xlstm,cfg_05,11,completed,True,0.7543786488740617,14.130705833435059,0.1948
xlstm_cfg_08_seed29,xlstm,cfg_08,29,completed,True,0.7774154097024052,10.403351783752441,0.1996
xlstm_cfg_11_seed47,xlstm,cfg_11,47,completed,True,0.7919612199555646,9.752721786499023,0.1962
xlstm_cfg_15_seed11,xlstm,cfg_15,11,completed,True,0.6814569536423841,13.95435905456543,0.1946
xlstm_cfg_18_seed29,xlstm,cfg_18,29,completed,True,0.7873504966551794,9.677983283996582,0.1964
xlstm_cfg_21_seed47,xlstm,cfg_21,47,completed,True,0.6547004711689477,14.690963745117188,0.1992
xlstm_cfg_25_seed11,xlstm,cfg_25,11,completed,True,0.7617366015787287,11.146073341369629,0.1922
xlstm_cfg_28_seed29,xlstm,cfg_28,29,completed,True,0.749606959438214,11.36917781829834,0.193
cnn_lstm_cfg_02_seed11,cnn_lstm,cfg_02,11,completed,True,0.7924836601307189,7.836370468139648,0.1824
cnn_lstm_cfg_05_seed29,cnn_lstm,cfg_05,29,completed,True,0.7977122215532811,8.54180908203125,0.1982
cnn_lstm_cfg_08_seed47,cnn_lstm,cfg_08,47,completed,True,0.7442444537463374,9.078899383544922,0.2
cnn_lstm_cfg_12_seed11,cnn_lstm,cfg_12,11,completed,True,0.7581916217337205,9.096931457519531,0.1976
cnn_lstm_cfg_15_seed29,cnn_lstm,cfg_15,29,completed,True,0.7905371103665346,7.633450031280518,0.1912
cnn_lstm_cfg_18_seed47,cnn_lstm,cfg_18,47,completed,True,0.6736842105263158,9.587898254394531,0.197
cnn_lstm_cfg_22_seed11,cnn_lstm,cfg_22,11,completed,True,0.7633909742724588,8.955164909362793,0.1728
cnn_lstm_cfg_25_seed29,cnn_lstm,cfg_25,29,completed,True,0.7899888989807246,8.71107292175293,0.199
cnn_lstm_cfg_28_seed47,cnn_lstm,cfg_28,47,completed,True,0.7614820930952627,9.51677417755127,0.2
convtransformer_cfg_02_seed11,convtransformer,cfg_02,11,completed,True,0.8069755854509217,7.634528160095215,0.1972
convtransformer_cfg_05_seed29,convtransformer,cfg_05,29,completed,True,0.8080747812251392,7.856616497039795,0.1986
convtransformer_cfg_08_seed47,convtransformer,cfg_08,47,completed,True,0.8038392321535693,7.606670379638672,0.1964
convtransformer_cfg_12_seed11,convtransformer,cfg_12,11,completed,True,0.8086248012718601,7.518639087677002,0.199
convtransformer_cfg_15_seed29,convtransformer,cfg_15,29,completed,True,0.0,15.366399765014648,0.0
convtransformer_cfg_18_seed47,convtransformer,cfg_18,47,completed,True,0.7561153325700011,9.864558219909668,0.195
convtransformer_cfg_22_seed11,convtransformer,cfg_22,11,completed,True,0.8063454055671955,7.4265217781066895,0.1964
convtransformer_cfg_25_seed29,convtransformer,cfg_25,29,completed,True,0.7698306824012314,9.703935623168945,0.1988
convtransformer_cfg_28_seed47,convtransformer,cfg_28,47,completed,True,0.8005212510024058,7.573160171508789,0.1966
lstm_cfg_02_seed11,lstm,cfg_02,11,completed,True,0.7980206018986064,9.753223419189453,0.1902
lstm_cfg_05_seed29,lstm,cfg_05,29,completed,True,0.7940638341126245,9.968512535095215,0.1864
lstm_cfg_08_seed47,lstm,cfg_08,47,completed,True,0.7496608577689658,12.402434349060059,0.1982
lstm_cfg_12_seed11,lstm,cfg_12,11,completed,True,0.8017665361838804,9.465460777282715,0.1938
lstm_cfg_15_seed29,lstm,cfg_15,29,completed,True,0.7966663319610403,9.633322715759277,0.1984
lstm_cfg_18_seed47,lstm,cfg_18,47,completed,True,0.75921863574637,9.999990463256836,0.1878
lstm_cfg_22_seed11,lstm,cfg_22,11,completed,True,0.8005663430420712,9.54979419708252,0.186
lstm_cfg_25_seed29,lstm,cfg_25,29,completed,True,0.7941859291410114,9.290548324584961,0.1946
lstm_cfg_28_seed47,lstm,cfg_28,47,completed,True,0.7575191868906865,10.63794231414795,0.198
transformer_cfg_02_seed11,transformer,cfg_02,11,completed,True,0.7990387503754881,7.787856101989746,0.1994
transformer_cfg_05_seed29,transformer,cfg_05,29,completed,True,0.7036196650459211,10.438348770141602,0.1998
transformer_cfg_08_seed47,transformer,cfg_08,47,completed,True,0.6630155359338326,13.692870140075684,0.1962
transformer_cfg_12_seed11,transformer,cfg_12,11,completed,True,0.6622723718020332,14.863075256347656,0.1974
transformer_cfg_15_seed29,transformer,cfg_15,29,completed,True,0.0,15.366384506225586,0.0
transformer_cfg_18_seed47,transformer,cfg_18,47,completed,True,0.5075258116681179,15.129390716552734,0.1998
transformer_cfg_22_seed11,transformer,cfg_22,11,completed,True,0.7101215445842745,9.878148078918457,0.1992
transformer_cfg_25_seed29,transformer,cfg_25,29,completed,True,0.7104413347685683,10.210949897766113,0.198
transformer_cfg_28_seed47,transformer,cfg_28,47,completed,True,0.5771238728049359,14.622990608215332,0.1992
xlstm_cfg_02_seed11,xlstm,cfg_02,11,completed,True,0.7922929486532836,10.000922203063965,0.1972
xlstm_cfg_05_seed29,xlstm,cfg_05,29,completed,True,0.751223575965844,14.1311674118042,0.1992
xlstm_cfg_08_seed47,xlstm,cfg_08,47,completed,True,0.7833742833742834,10.09323787689209,0.1884
xlstm_cfg_12_seed11,xlstm,cfg_12,11,completed,True,0.7858381797775738,9.851197242736816,0.19
xlstm_cfg_15_seed29,xlstm,cfg_15,29,completed,True,0.7193937453303447,13.988340377807617,0.1998
xlstm_cfg_18_seed47,xlstm,cfg_18,47,completed,True,0.7782133278316484,9.99213981628418,0.1844
xlstm_cfg_22_seed11,xlstm,cfg_22,11,completed,True,0.745319527246104,12.180379867553711,0.1996
xlstm_cfg_25_seed29,xlstm,cfg_25,29,completed,True,0.7696124031007752,10.993063926696777,0.1904
xlstm_cfg_28_seed47,xlstm,cfg_28,47,completed,True,0.7621409382103741,10.684976577758789,0.198
cnn_lstm_cfg_02_seed29,cnn_lstm,cfg_02,29,completed,True,0.7992755810443707,8.107891082763672,0.1934
cnn_lstm_cfg_05_seed47,cnn_lstm,cfg_05,47,completed,True,0.7916498588140379,8.786297798156738,0.1982
cnn_lstm_cfg_09_seed11,cnn_lstm,cfg_09,11,completed,True,0.773325113029182,7.946516990661621,0.1938
cnn_lstm_cfg_12_seed29,cnn_lstm,cfg_12,29,completed,True,0.7500783289817232,9.1896390914917,0.1968
cnn_lstm_cfg_15_seed47,cnn_lstm,cfg_15,47,completed,True,0.778253156631535,7.809532165527344,0.1708
cnn_lstm_cfg_19_seed11,cnn_lstm,cfg_19,11,completed,True,0.7968545216251638,8.66147232055664,0.1934
cnn_lstm_cfg_22_seed29,cnn_lstm,cfg_22,29,completed,True,0.7642737195633921,8.830697059631348,0.1774
cnn_lstm_cfg_25_seed47,cnn_lstm,cfg_25,47,completed,True,0.7824045723617065,8.863168716430664,0.193
cnn_lstm_cfg_29_seed11,cnn_lstm,cfg_29,11,completed,True,0.7962515114873036,8.40379810333252,0.1946
convtransformer_cfg_02_seed29,convtransformer,cfg_02,29,completed,True,0.8076114171256885,7.6712799072265625,0.1906
convtransformer_cfg_05_seed47,convtransformer,cfg_05,47,completed,True,0.8068951773614986,7.795245170593262,0.1974
convtransformer_cfg_09_seed11,convtransformer,cfg_09,11,completed,True,0.8085402184707051,7.714339256286621,0.1998
convtransformer_cfg_12_seed29,convtransformer,cfg_12,29,completed,True,0.8118674340146854,7.42340612411499,0.1974
convtransformer_cfg_15_seed47,convtransformer,cfg_15,47,completed,True,0.0,15.366399765014648,0.0
convtransformer_cfg_19_seed11,convtransformer,cfg_19,11,completed,True,0.0,15.366399765014648,0.0
convtransformer_cfg_22_seed29,convtransformer,cfg_22,29,completed,True,0.8069233064756789,7.421588897705078,0.1994
convtransformer_cfg_25_seed47,convtransformer,cfg_25,47,completed,True,0.7777550184350676,9.83234977722168,0.1934
convtransformer_cfg_29_seed11,convtransformer,cfg_29,11,completed,True,0.8103310729956122,7.568441390991211,0.193
lstm_cfg_02_seed29,lstm,cfg_02,29,completed,True,0.8008487420430433,9.603508949279785,0.1868
lstm_cfg_05_seed47,lstm,cfg_05,47,completed,True,0.7942477876106194,10.226208686828613,0.199
lstm_cfg_09_seed11,lstm,cfg_09,11,completed,True,0.7791436181110428,10.332647323608398,0.1918
lstm_cfg_12_seed29,lstm,cfg_12,29,completed,True,0.8008457511075312,9.385375022888184,0.191
lstm_cfg_15_seed47,lstm,cfg_15,47,completed,True,0.7944421740907234,9.666454315185547,0.18
lstm_cfg_19_seed11,lstm,cfg_19,11,completed,True,0.7957575757575758,9.601069450378418,0.1922
lstm_cfg_22_seed29,lstm,cfg_22,29,completed,True,0.7919789345756533,9.38792610168457,0.1928
lstm_cfg_25_seed47,lstm,cfg_25,47,completed,True,0.7978691325761383,9.171831130981445,0.196
lstm_cfg_29_seed11,lstm,cfg_29,11,completed,True,0.7946257197696737,9.717974662780762,0.1932
transformer_cfg_02_seed29,transformer,cfg_02,29,completed,True,0.7918597622405803,8.130685806274414,0.1992
transformer_cfg_05_seed47,transformer,cfg_05,47,completed,True,0.7795299623562926,8.937012672424316,0.1996
transformer_cfg_09_seed11,transformer,cfg_09,11,completed,True,0.6603539623492278,13.171875,0.1884
transformer_cfg_12_seed29,transformer,cfg_12,29,completed,True,0.6683735945675164,14.527297019958496,0.1962
transformer_cfg_15_seed47,transformer,cfg_15,47,completed,True,0.0,15.366399765014648,0.0
transformer_cfg_19_seed11,transformer,cfg_19,11,completed,True,0.0,15.366399765014648,0.0
transformer_cfg_22_seed29,transformer,cfg_22,29,completed,True,0.712322885358523,9.92574405670166,0.1996
transformer_cfg_25_seed47,transformer,cfg_25,47,completed,True,0.7551849921834288,9.907440185546875,0.1944
transformer_cfg_29_seed11,transformer,cfg_29,11,completed,True,0.7683290488431876,9.184419631958008,0.1978
xlstm_cfg_02_seed29,xlstm,cfg_02,29,completed,True,0.787356904062405,10.242889404296875,0.197
xlstm_cfg_05_seed47,xlstm,cfg_05,47,completed,True,0.6973055193394176,14.932040214538574,0.199
xlstm_cfg_09_seed11,xlstm,cfg_09,11,completed,True,0.7885275701878408,10.015341758728027,0.1996
xlstm_cfg_12_seed29,xlstm,cfg_12,29,completed,True,0.7842340511986997,10.016273498535156,0.1968
xlstm_cfg_15_seed47,xlstm,cfg_15,47,completed,True,0.6949823943661971,14.282320022583008,0.186
xlstm_cfg_19_seed11,xlstm,cfg_19,11,completed,True,0.7165303486870426,14.520294189453125,0.1926
xlstm_cfg_22_seed29,xlstm,cfg_22,29,completed,True,0.7682788491285965,11.068853378295898,0.1944
xlstm_cfg_25_seed47,xlstm,cfg_25,47,completed,True,0.7544208433608873,11.267334938049316,0.1904
xlstm_cfg_29_seed11,xlstm,cfg_29,11,completed,True,0.7421957952856233,12.91736888885498,0.1846
cnn_lstm_cfg_02_seed47,cnn_lstm,cfg_02,47,completed,True,0.8,7.711907863616943,0.194
cnn_lstm_cfg_06_seed11,cnn_lstm,cfg_06,11,completed,True,0.8022406722016605,7.511868000030518,0.1974
cnn_lstm_cfg_09_seed29,cnn_lstm,cfg_09,29,completed,True,0.7918998677114073,7.846847057342529,0.1872
cnn_lstm_cfg_12_seed47,cnn_lstm,cfg_12,47,completed,True,0.7493723849372385,9.154200553894043,0.1956
cnn_lstm_cfg_16_seed11,cnn_lstm,cfg_16,11,completed,True,0.7926903553299492,8.054279327392578,0.1892
cnn_lstm_cfg_19_seed29,cnn_lstm,cfg_19,29,completed,True,0.796823162762642,8.551301956176758,0.1968
cnn_lstm_cfg_22_seed47,cnn_lstm,cfg_22,47,completed,True,0.7789880891784587,8.631512641906738,0.1994
cnn_lstm_cfg_26_seed11,cnn_lstm,cfg_26,11,completed,True,0.7125148216018109,11.444723129272461,0.1944
cnn_lstm_cfg_29_seed29,cnn_lstm,cfg_29,29,completed,True,0.7900203665987781,8.488143920898438,0.1882
convtransformer_cfg_02_seed47,convtransformer,cfg_02,47,completed,True,0.7993972877950779,8.043959617614746,0.1952
convtransformer_cfg_06_seed11,convtransformer,cfg_06,11,completed,True,0.8090517672974867,7.403430461883545,0.1894
convtransformer_cfg_09_seed29,convtransformer,cfg_09,29,completed,True,0.8089617923584717,7.548526763916016,0.1908
convtransformer_cfg_12_seed47,convtransformer,cfg_12,47,completed,True,0.8087605774016924,7.351144313812256,0.1966
convtransformer_cfg_16_seed11,convtransformer,cfg_16,11,completed,True,0.7968892031107969,8.101850509643555,0.1912
convtransformer_cfg_19_seed29,convtransformer,cfg_19,29,completed,True,0.0,15.366399765014648,0.0
convtransformer_cfg_22_seed47,convtransformer,cfg_22,47,completed,True,0.8055472413449067,7.663181304931641,0.1972
convtransformer_cfg_26_seed11,convtransformer,cfg_26,11,completed,True,0.6972855591748099,14.16977310180664,0.1998
convtransformer_cfg_29_seed29,convtransformer,cfg_29,29,completed,True,0.8104903536977492,7.514129638671875,0.1838
lstm_cfg_02_seed47,lstm,cfg_02,47,completed,True,0.8030849358974359,9.46135425567627,0.195
lstm_cfg_06_seed11,lstm,cfg_06,11,completed,True,0.7971147008026008,9.60612964630127,0.184
lstm_cfg_09_seed29,lstm,cfg_09,29,completed,True,0.7909044972208186,10.104331970214844,0.1964
lstm_cfg_12_seed47,lstm,cfg_12,47,completed,True,0.7943291139240506,9.300207138061523,0.1906
lstm_cfg_16_seed11,lstm,cfg_16,11,completed,True,0.788531923546157,9.938057899475098,0.1916
lstm_cfg_19_seed29,lstm,cfg_19,29,completed,True,0.7986306886830447,9.763470649719238,0.1932
lstm_cfg_22_seed47,lstm,cfg_22,47,completed,True,0.7887494941319304,9.517082214355469,0.1972
lstm_cfg_26_seed11,lstm,cfg_26,11,completed,True,0.738562091503268,13.139689445495605,0.1966
lstm_cfg_29_seed29,lstm,cfg_29,29,completed,True,0.7946392583635631,9.772296905517578,0.1962
transformer_cfg_02_seed47,transformer,cfg_02,47,completed,True,0.7988759534323565,7.860665798187256,0.1968
transformer_cfg_06_seed11,transformer,cfg_06,11,completed,True,0.7907686051240341,8.184798240661621,0.1894
transformer_cfg_09_seed29,transformer,cfg_09,29,completed,True,0.746103148864944,9.628731727600098,0.1986
transformer_cfg_12_seed47,transformer,cfg_12,47,completed,True,0.6651043410333668,14.88797664642334,0.1962
transformer_cfg_16_seed11,transformer,cfg_16,11,completed,True,0.6937349923597468,10.6466064453125,0.1968
transformer_cfg_19_seed29,transformer,cfg_19,29,completed,True,0.0,15.366399765014648,0.0
transformer_cfg_22_seed47,transformer,cfg_22,47,completed,True,0.7155368147907882,9.737761497497559,0.188
transformer_cfg_26_seed11,transformer,cfg_26,11,completed,True,0.4163135593220339,15.189352989196777,0.196
transformer_cfg_29_seed29,transformer,cfg_29,29,completed,True,0.7089318500918026,10.171226501464844,0.1954
xlstm_cfg_02_seed47,xlstm,cfg_02,47,completed,True,0.78451691557452,10.099964141845703,0.1964
xlstm_cfg_06_seed11,xlstm,cfg_06,11,completed,True,0.7736331119059785,10.97077465057373,0.2
xlstm_cfg_09_seed29,xlstm,cfg_09,29,completed,True,0.7974237697494213,9.703020095825195,0.195
xlstm_cfg_12_seed47,xlstm,cfg_12,47,completed,True,0.7914902198023795,9.951775550842285,0.1986
xlstm_cfg_16_seed11,xlstm,cfg_16,11,completed,True,0.7841302136317396,9.880573272705078,0.1952
xlstm_cfg_19_seed29,xlstm,cfg_19,29,completed,True,0.7219616204690832,14.360962867736816,0.1988
xlstm_cfg_22_seed47,xlstm,cfg_22,47,completed,True,0.7866571165455848,9.855703353881836,0.1858
xlstm_cfg_26_seed11,xlstm,cfg_26,11,completed,True,0.7539856205064083,11.489622116088867,0.1958
xlstm_cfg_29_seed29,xlstm,cfg_29,29,completed,True,0.7373931623931624,13.658332824707031,0.1818
cnn_lstm_cfg_03_seed11,cnn_lstm,cfg_03,11,completed,True,0.7935100272095132,8.080962181091309,0.1972
cnn_lstm_cfg_06_seed29,cnn_lstm,cfg_06,29,completed,True,0.7995173939272069,7.572139739990234,0.194
cnn_lstm_cfg_09_seed47,cnn_lstm,cfg_09,47,completed,True,0.781632863173067,8.092188835144043,0.1834
cnn_lstm_cfg_13_seed11,cnn_lstm,cfg_13,11,completed,True,0.7987975951903807,8.626843452453613,0.1988
cnn_lstm_cfg_16_seed29,cnn_lstm,cfg_16,29,completed,True,0.7904655189976572,8.007515907287598,0.1874
cnn_lstm_cfg_19_seed47,cnn_lstm,cfg_19,47,completed,True,0.7936604078336362,8.398201942443848,0.195
cnn_lstm_cfg_23_seed11,cnn_lstm,cfg_23,11,completed,True,0.801523656776263,7.4693217277526855,0.1956
cnn_lstm_cfg_26_seed29,cnn_lstm,cfg_26,29,completed,True,0.7493744787322769,10.650595664978027,0.1996
cnn_lstm_cfg_29_seed47,cnn_lstm,cfg_29,47,completed,True,0.7898232349034433,8.384984970092773,0.1844
convtransformer_cfg_03_seed11,convtransformer,cfg_03,11,completed,True,0.8055832502492523,7.268138408660889,0.198
convtransformer_cfg_06_seed29,convtransformer,cfg_06,29,completed,True,0.8080868439398466,7.525367736816406,0.1968
convtransformer_cfg_09_seed47,convtransformer,cfg_09,47,completed,True,0.8109022182433104,7.414631366729736,0.1954
convtransformer_cfg_13_seed11,convtransformer,cfg_13,11,completed,True,0.0,15.366399765014648,0.0
convtransformer_cfg_16_seed29,convtransformer,cfg_16,29,completed,True,0.7924642965663932,7.960741996765137,0.1922
convtransformer_cfg_19_seed47,convtransformer,cfg_19,47,completed,True,0.0,15.366399765014648,0.0
convtransformer_cfg_23_seed11,convtransformer,cfg_23,11,completed,True,0.0,15.366399765014648,0.0
convtransformer_cfg_26_seed29,convtransformer,cfg_26,29,completed,True,0.7057421451787649,13.993240356445312,0.1946
convtransformer_cfg_29_seed47,convtransformer,cfg_29,47,completed,True,0.8078415762762464,7.615262508392334,0.198
lstm_cfg_03_seed11,lstm,cfg_03,11,completed,True,0.7993984962406016,9.46268367767334,0.1976
lstm_cfg_06_seed29,lstm,cfg_06,29,completed,True,0.7961674230963187,9.458616256713867,0.1936
lstm_cfg_09_seed47,lstm,cfg_09,47,completed,True,0.7850903920373756,10.060287475585938,0.1962
lstm_cfg_13_seed11,lstm,cfg_13,11,completed,True,0.8018792483006797,9.415684700012207,0.1986
lstm_cfg_16_seed29,lstm,cfg_16,29,completed,True,0.7824144583206417,10.013664245605469,0.1992
lstm_cfg_19_seed47,lstm,cfg_19,47,completed,True,0.7950662218178142,9.586894035339355,0.1918
lstm_cfg_23_seed11,lstm,cfg_23,11,completed,True,0.7844747920731081,9.737030982971191,0.1838
lstm_cfg_26_seed29,lstm,cfg_26,29,completed,True,0.7434203627975254,13.27623462677002,0.1984
lstm_cfg_29_seed47,lstm,cfg_29,47,completed,True,0.7894417475728155,10.09069538116455,0.197
transformer_cfg_03_seed11,transformer,cfg_03,11,completed,True,0.709051724137931,9.78233528137207,0.198
transformer_cfg_06_seed29,transformer,cfg_06,29,completed,True,0.811185997384569,7.715123653411865,0.1818
transformer_cfg_09_seed47,transformer,cfg_09,47,completed,True,0.7131367292225201,10.299361228942871,0.2
transformer_cfg_13_seed11,transformer,cfg_13,11,completed,True,0.0,15.3663969039917,0.0
transformer_cfg_16_seed29,transformer,cfg_16,29,completed,True,0.765348166460651,10.024835586547852,0.1986
transformer_cfg_19_seed47,transformer,cfg_19,47,completed,True,0.0,15.366399765014648,0.0
transformer_cfg_23_seed11,transformer,cfg_23,11,completed,True,0.0,15.3663969039917,0.0
transformer_cfg_26_seed29,transformer,cfg_26,29,completed,True,0.4324539307967652,15.173334121704102,0.1824
transformer_cfg_29_seed47,transformer,cfg_29,47,completed,True,0.706719879193183,10.383230209350586,0.199
xlstm_cfg_03_seed11,xlstm,cfg_03,11,completed,True,0.729987293519695,13.078014373779297,0.1994
xlstm_cfg_06_seed29,xlstm,cfg_06,29,completed,True,0.764378478664193,11.645159721374512,0.1988
xlstm_cfg_09_seed47,xlstm,cfg_09,47,completed,True,0.7961244263131055,9.630598068237305,0.1804
xlstm_cfg_13_seed11,xlstm,cfg_13,11,completed,True,0.7120249757778017,14.458539009094238,0.1964
xlstm_cfg_16_seed29,xlstm,cfg_16,29,completed,True,0.7887782069526327,9.964130401611328,0.1916
xlstm_cfg_19_seed47,xlstm,cfg_19,47,completed,True,0.7252022137079608,14.344970703125,0.1978
xlstm_cfg_23_seed11,xlstm,cfg_23,11,completed,True,0.6875963868693545,14.124899864196777,0.1914
xlstm_cfg_26_seed29,xlstm,cfg_26,29,completed,True,0.751875,11.732281684875488,0.1982
xlstm_cfg_29_seed47,xlstm,cfg_29,47,completed,True,0.7588998443175922,11.994841575622559,0.1958
