run_id,architecture,configuration_slot,seed,status,attempt,run_directory,run_sha256,updated_at,source_shard
cnn_lstm_cfg_00_seed11,cnn_lstm,cfg_00,11,completed,1,runs/cnn_lstm_cfg_00_seed11/attempt_001,3cbbc44d3d8697e914c49b1cd539cfce3e43f0d3c6ad943930c26aa1f7713be5,2026-09-11T05:42:36.272177+00:00,results/shard_00
cnn_lstm_cfg_03_seed29,cnn_lstm,cfg_03,29,completed,1,runs/cnn_lstm_cfg_03_seed29/attempt_001,14bcd18e2746e028eb29ec46739b473b900955149b77d7023d08a849ca84eb39,2026-09-11T06:03:33.723168+00:00,results/shard_00
cnn_lstm_cfg_06_seed47,cnn_lstm,cfg_06,47,completed,1,runs/cnn_lstm_cfg_06_seed47/attempt_001,ee91be5ddcbc0b4f79b36d27c0137fb3f5e912556869c3ae49ff9747474cdafd,2026-09-11T06:15:03.562111+00:00,results/shard_00
cnn_lstm_cfg_10_seed11,cnn_lstm,cfg_10,11,completed,1,runs/cnn_lstm_cfg_10_seed11/attempt_001,6ec96f62816e88b738e3cac30c27f9b510462834333267c4d04c2d3c84193a07,2026-09-11T06:32:30.629361+00:00,results/shard_00
cnn_lstm_cfg_13_seed29,cnn_lstm,cfg_13,29,completed,1,runs/cnn_lstm_cfg_13_seed29/attempt_001,50c1795abf896fde68721e636f3712dc6d5683cd529ef03ed4e11cadd19c3f65,2026-09-11T06:49:07.204139+00:00,results/shard_00
cnn_lstm_cfg_16_seed47,cnn_lstm,cfg_16,47,completed,1,runs/cnn_lstm_cfg_16_seed47/attempt_001,905ad05bc271bb1b480e26cb8a3c6f0d9d88db3aec188e7c081ee02d5a62c33c,2026-09-11T06:56:17.636402+00:00,results/shard_00
cnn_lstm_cfg_20_seed11,cnn_lstm,cfg_20,11,completed,1,runs/cnn_lstm_cfg_20_seed11/attempt_001,579c7c5e4bd366c1e70d819f9c6e5d35b8a55acd758160103a97209d11837b5f,2026-09-11T07:08:21.894617+00:00,results/shard_00
cnn_lstm_cfg_23_seed29,cnn_lstm,cfg_23,29,completed,1,runs/cnn_lstm_cfg_23_seed29/attempt_001,fbb66c73426a3bb6a29755d507524ea0d4bd626e8bd5d1fb90987fd97c02d172,2026-09-11T07:25:39.783423+00:00,results/shard_00
cnn_lstm_cfg_26_seed47,cnn_lstm,cfg_26,47,completed,1,runs/cnn_lstm_cfg_26_seed47/attempt_001,46f056725f3b5fc6a04d9021508168cef04a35e4ece62c911237ab6440a3795c,2026-09-11T11:37:39.705727+00:00,results/shard_00
transformer_cfg_00_seed11,transformer,cfg_00,11,completed,1,runs/transformer_cfg_00_seed11/attempt_001,857c6e570df7dd0391902f3c13ed7101ae3c137cb5a13de4a8ebd8c1582f4a50,2026-09-11T11:47:37.683698+00:00,results/shard_00
transformer_cfg_03_seed29,transformer,cfg_03,29,completed,1,runs/transformer_cfg_03_seed29/attempt_001,f89976e1b7fc8fa31fce1fd5438b4bc28e55d8daa2cc221125d45e9c4a5c5a54,2026-09-11T12:26:28.515242+00:00,results/shard_00
transformer_cfg_06_seed47,transformer,cfg_06,47,completed,1,runs/transformer_cfg_06_seed47/attempt_001,ee9f308e9d31cb7bfe36901bab8c0dd0f83099b543f53430dc3640fdd30aacce,2026-09-11T13:07:57.669959+00:00,results/shard_00
transformer_cfg_10_seed11,transformer,cfg_10,11,completed,1,runs/transformer_cfg_10_seed11/attempt_001,0ea19eae851b1c07a0352dac45fbacabb0e3b59c29bfd6c97914259b759d4be7,2026-09-11T13:29:37.040937+00:00,results/shard_00
transformer_cfg_13_seed29,transformer,cfg_13,29,completed,1,runs/transformer_cfg_13_seed29/attempt_001,b22e12e2c9444247d48ac5dc9a548b274809c7915be84a6f70cf1891d544ebc0,2026-09-11T13:37:20.407130+00:00,results/shard_00
transformer_cfg_16_seed47,transformer,cfg_16,47,completed,1,runs/transformer_cfg_16_seed47/attempt_001,cf589e9c7b6b6c6ab2bbb1f1d91ab77886f77567d7a37fe5db02092487cc52b2,2026-09-11T14:01:16.236756+00:00,results/shard_00
transformer_cfg_20_seed11,transformer,cfg_20,11,completed,1,runs/transformer_cfg_20_seed11/attempt_001,c9cd269328b8bd866f58ce7cd3e7f43d84797a0399da58fb434811bcbfb7c4f9,2026-09-11T14:19:08.638758+00:00,results/shard_00
transformer_cfg_23_seed29,transformer,cfg_23,29,completed,1,runs/transformer_cfg_23_seed29/attempt_001,aa395ac736597b28367352ef2cb98d5bcd5e9417e045bbdef6e75e6d0df049dd,2026-09-11T14:28:39.139634+00:00,results/shard_00
transformer_cfg_26_seed47,transformer,cfg_26,47,completed,1,runs/transformer_cfg_26_seed47/attempt_001,9d99875635a42ec5b63ecc351ea08f864251d3be50373824e47f9a9286e434e2,2026-09-11T14:56:01.118683+00:00,results/shard_00
convtransformer_cfg_00_seed11,convtransformer,cfg_00,11,completed,1,runs/convtransformer_cfg_00_seed11/attempt_001,69e1d4b33231377c444e9bef0dbe64226731cafd7be6f1bf008f9916b5a97631,2026-09-11T15:01:11.018740+00:00,results/shard_00
convtransformer_cfg_03_seed29,convtransformer,cfg_03,29,completed,1,runs/convtransformer_cfg_03_seed29/attempt_001,57b8c4ae5d9959b6307010532ac3cd59a1d13c967c6111f77fafa1169ddb5237,2026-09-11T15:49:57.014732+00:00,results/shard_00
convtransformer_cfg_06_seed47,convtransformer,cfg_06,47,completed,1,runs/convtransformer_cfg_06_seed47/attempt_001,f309d8afeb7cc30cf8d802212fce4c8569ca9898950f4bf056b9e1c9593d0fa0,2026-09-11T16:23:27.534439+00:00,results/shard_00
convtransformer_cfg_10_seed11,convtransformer,cfg_10,11,completed,1,runs/convtransformer_cfg_10_seed11/attempt_001,3ca277b54ec8d90384141b00632a23032cff812c5cfe09d918599d658fe8383c,2026-09-11T16:48:18.106889+00:00,results/shard_00
convtransformer_cfg_13_seed29,convtransformer,cfg_13,29,completed,1,runs/convtransformer_cfg_13_seed29/attempt_001,3427cb29d2774fae84715b57e0f0eff890dd91a6185e8ebefcada1d31793ccbf,2026-09-11T16:57:23.913593+00:00,results/shard_00
convtransformer_cfg_16_seed47,convtransformer,cfg_16,47,completed,1,runs/convtransformer_cfg_16_seed47/attempt_001,1373658627dee9b6a020f0b6bb11357e50a39799035ece93bf02a68b7badd379,2026-09-11T17:11:02.382007+00:00,results/shard_00
convtransformer_cfg_20_seed11,convtransformer,cfg_20,11,completed,1,runs/convtransformer_cfg_20_seed11/attempt_001,d4213ef7511e9882b68100f93a84f1eadcde1e092dba4ad373b10f7945cf2124,2026-09-11T17:32:27.259512+00:00,results/shard_00
convtransformer_cfg_23_seed29,convtransformer,cfg_23,29,completed,1,runs/convtransformer_cfg_23_seed29/attempt_001,8b291d2885d8d0e9ba0394e9f14aef175029e5d9e02be98f00b693f008ddbb5b,2026-09-11T17:48:18.118899+00:00,results/shard_00
convtransformer_cfg_26_seed47,convtransformer,cfg_26,47,completed,1,runs/convtransformer_cfg_26_seed47/attempt_001,333f9eadf917bf041eb5bf6b21d8da978ec66112d7ff61ccc0bb33ce98c80f86,2026-09-11T18:34:33.885445+00:00,results/shard_00
lstm_cfg_00_seed11,lstm,cfg_00,11,completed,1,runs/lstm_cfg_00_seed11/attempt_001,03cc61b7c8b796d3fb389ce79bfea90da17232ed3c7ad3804d39d210c2afa96c,2026-09-11T19:31:40.378269+00:00,results/shard_00
lstm_cfg_03_seed29,lstm,cfg_03,29,completed,1,runs/lstm_cfg_03_seed29/attempt_001,73ef227dd39205e7145a82cf086511426065bf176032a5a1c99426ad467f19f6,2026-09-11T20:39:16.816144+00:00,results/shard_00
lstm_cfg_06_seed47,lstm,cfg_06,47,completed,1,runs/lstm_cfg_06_seed47/attempt_001,32baa68726708d6ba33220851f1d2c367449676f10fc2da4b8ea26acd9298233,2026-09-11T20:56:01.420969+00:00,results/shard_00
lstm_cfg_10_seed11,lstm,cfg_10,11,completed,1,runs/lstm_cfg_10_seed11/attempt_001,feb3bccca10731eee977b2f777d4a2abf486da6194bcd6b2680fc6872b99700e,2026-09-11T21:06:50.972109+00:00,results/shard_00
lstm_cfg_13_seed29,lstm,cfg_13,29,completed,1,runs/lstm_cfg_13_seed29/attempt_001,1d45f92df31b8b38c39fcb7f5d10a2338df2dfa3e5afd38010eca18c9be69c33,2026-09-11T21:25:11.375684+00:00,results/shard_00
lstm_cfg_16_seed47,lstm,cfg_16,47,completed,1,runs/lstm_cfg_16_seed47/attempt_001,cb8fef0c102744b0a34988961d29f3c068b56693230a6ec30f6bb07a71a9cce0,2026-09-11T21:37:51.529145+00:00,results/shard_00
lstm_cfg_20_seed11,lstm,cfg_20,11,completed,1,runs/lstm_cfg_20_seed11/attempt_001,d93f474bde3b67856be4beca2f1230843c909f85c81bb334abae3a46ca2dfa0a,2026-09-11T21:51:05.014691+00:00,results/shard_00
lstm_cfg_23_seed29,lstm,cfg_23,29,completed,1,runs/lstm_cfg_23_seed29/attempt_001,0b0369d889c7cddd22bca360815b46279d81735b250ce698c576dea9b427dc99,2026-09-11T23:00:02.850055+00:00,results/shard_00
lstm_cfg_26_seed47,lstm,cfg_26,47,completed,1,runs/lstm_cfg_26_seed47/attempt_001,7165c8a6d2cdfece51f1cc361cbb5c7edbd89cab78f169e8d783412f1c0ea2b2,2026-09-11T23:21:05.240439+00:00,results/shard_00
xlstm_cfg_00_seed11,xlstm,cfg_00,11,completed,1,runs/xlstm_cfg_00_seed11/attempt_001,267adba8b1ec7dfc5e6ca79f5c2a193e05f6a3a3fd8823b8bb99465ba1b1df1d,2026-09-11T23:53:35.671435+00:00,results/shard_00
xlstm_cfg_03_seed29,xlstm,cfg_03,29,completed,1,runs/xlstm_cfg_03_seed29/attempt_001,68df436a88d59c018d3343a7db2d53c77e7728f4ac2222dafc7601d6c5c51ff4,2026-09-12T04:35:44.530603+00:00,results/shard_00
xlstm_cfg_06_seed47,xlstm,cfg_06,47,completed,1,runs/xlstm_cfg_06_seed47/attempt_001,66ab300bd80e7be09264b6d20fde2081454f158aaedeeb2fbdbcbf09060545e0,2026-09-12T05:28:18.016686+00:00,results/shard_00
xlstm_cfg_10_seed11,xlstm,cfg_10,11,completed,1,runs/xlstm_cfg_10_seed11/attempt_001,25cf13232abf854a10913e71bdb1eaae2b0da805da7efdfa28065d70055e6371,2026-09-12T10:03:06.770404+00:00,results/shard_00
xlstm_cfg_13_seed29,xlstm,cfg_13,29,completed,1,runs/xlstm_cfg_13_seed29/attempt_001,ac843d9fbde5f11d659a86e183c2bc0d51dd9caa61f2ddc6fa001d72e07dd076,2026-09-12T17:07:34.983823+00:00,results/shard_00
xlstm_cfg_16_seed47,xlstm,cfg_16,47,completed,1,runs/xlstm_cfg_16_seed47/attempt_001,cd40464809d6740a498edbaf9a0410f5c06b5e956e9a894554636eb4b1115ffd,2026-09-12T18:31:31.856793+00:00,results/shard_00
xlstm_cfg_20_seed11,xlstm,cfg_20,11,completed,1,runs/xlstm_cfg_20_seed11/attempt_001,52877948f0a5a90956af3625760af97c0b478cdbe08bb6c55a1d1d7419589db1,2026-09-12T22:35:02.095001+00:00,results/shard_00
xlstm_cfg_23_seed29,xlstm,cfg_23,29,completed,1,runs/xlstm_cfg_23_seed29/attempt_001,242ced97531d55e6870b0c1fb4c37fb4349d99c4a14156f21b88ce861bd7f1a4,2026-09-13T03:42:41.431396+00:00,results/shard_00
xlstm_cfg_26_seed47,xlstm,cfg_26,47,completed,1,runs/xlstm_cfg_26_seed47/attempt_001,309be22fd7b72812f3f36fef1841d53f61f6be5e1858aaa7b97e122ad41a9e30,2026-09-13T14:31:06.556799+00:00,results/shard_00
cnn_lstm_cfg_00_seed29,cnn_lstm,cfg_00,29,completed,1,runs/cnn_lstm_cfg_00_seed29/attempt_001,cdbd6ae06a19d25a460b923eb84b24d207984ebb8415237d7778d31453bb9cb8,2026-09-11T05:50:57.069478+00:00,results/shard_01
cnn_lstm_cfg_03_seed47,cnn_lstm,cfg_03,47,completed,1,runs/cnn_lstm_cfg_03_seed47/attempt_001,81e066ebdae354e2fe02c7d6ae8f7b9339c10d5865d75475cb1afa73c3108a84,2026-09-11T06:13:43.372986+00:00,results/shard_01
cnn_lstm_cfg_07_seed11,cnn_lstm,cfg_07,11,completed,1,runs/cnn_lstm_cfg_07_seed11/attempt_001,c5e124f17cd3274b830915cd79bd24ed349166c77cb9a036db06b44b15c6a16d,2026-09-11T06:16:55.541193+00:00,results/shard_01
cnn_lstm_cfg_10_seed29,cnn_lstm,cfg_10,29,completed,1,runs/cnn_lstm_cfg_10_seed29/attempt_001,9f6816fcc652890ef99d26f11f96db4c6231519cbaeae5d46505afdd5b842943,2026-09-11T06:29:08.881374+00:00,results/shard_01
cnn_lstm_cfg_13_seed47,cnn_lstm,cfg_13,47,completed,1,runs/cnn_lstm_cfg_13_seed47/attempt_001,c86d425d832f9fc043fbe5c45d8849cf04406624df2bfd9b519219285ec01218,2026-09-11T06:52:02.690161+00:00,results/shard_01
cnn_lstm_cfg_17_seed11,cnn_lstm,cfg_17,11,completed,1,runs/cnn_lstm_cfg_17_seed11/attempt_001,c500697334d5831a7b6415791e7894f41360cb527accb43cf24e4592b864c4eb,2026-09-11T07:04:43.450985+00:00,results/shard_01
cnn_lstm_cfg_20_seed29,cnn_lstm,cfg_20,29,completed,1,runs/cnn_lstm_cfg_20_seed29/attempt_001,aed05b5bf0fc7001fca34fb078dc57a33ab7689534f9ab36b83205f5112c6de7,2026-09-11T07:17:35.328865+00:00,results/shard_01
cnn_lstm_cfg_23_seed47,cnn_lstm,cfg_23,47,completed,1,runs/cnn_lstm_cfg_23_seed47/attempt_001,b966837a48133e722900f7c8eefa1827477c4d701a2b8e954ae04f57eef6dbf4,2026-09-11T11:24:04.060620+00:00,results/shard_01
cnn_lstm_cfg_27_seed11,cnn_lstm,cfg_27,11,completed,1,runs/cnn_lstm_cfg_27_seed11/attempt_001,f724da0b3bf688101331a1919bca961585ba5cc0a01921d01c0a96a2dcb2a06f,2026-09-11T11:30:28.043742+00:00,results/shard_01
transformer_cfg_00_seed29,transformer,cfg_00,29,completed,1,runs/transformer_cfg_00_seed29/attempt_001,2f96c9db99b76dc3e24bc41db7dfffbc9df821a00db8db6f33bf6f636f13cc67,2026-09-11T11:38:53.584374+00:00,results/shard_01
transformer_cfg_03_seed47,transformer,cfg_03,47,completed,1,runs/transformer_cfg_03_seed47/attempt_001,316a06b8e48ae89f0ddb61898e106ea2e158a65f3fc50a7b26518b2b8862db29,2026-09-11T12:07:48.186376+00:00,results/shard_01
transformer_cfg_07_seed11,transformer,cfg_07,11,completed,1,runs/transformer_cfg_07_seed11/attempt_001,1b30d39b6f52b27c42a4b00efd239f2e5fca7568df020e2ba373060cdb52018a,2026-09-11T12:18:22.815449+00:00,results/shard_01
transformer_cfg_10_seed29,transformer,cfg_10,29,completed,1,runs/transformer_cfg_10_seed29/attempt_001,b147ea3307856241f7ede3326983f267d4a6de70e69e2954525c869a78bf4f3d,2026-09-11T12:35:22.182694+00:00,results/shard_01
transformer_cfg_13_seed47,transformer,cfg_13,47,completed,1,runs/transformer_cfg_13_seed47/attempt_001,46a634ac001eba7ab0645a1e9cf1b63817839c697c369c4cf2dfd74a1f44ab21,2026-09-11T12:43:48.296348+00:00,results/shard_01
transformer_cfg_17_seed11,transformer,cfg_17,11,completed,1,runs/transformer_cfg_17_seed11/attempt_001,58c100e5b04bcccfe609755cf55f73ba290f6d1a883aae0bbf04820740cdc228,2026-09-11T13:02:31.804440+00:00,results/shard_01
transformer_cfg_20_seed29,transformer,cfg_20,29,completed,1,runs/transformer_cfg_20_seed29/attempt_001,04a39f634cdff539bb451b137e381df53ccedb6d972e12eed2e1d7a21a53678a,2026-09-11T13:11:57.230295+00:00,results/shard_01
transformer_cfg_23_seed47,transformer,cfg_23,47,completed,1,runs/transformer_cfg_23_seed47/attempt_001,094caef3af6424264e8c5a485e3236e53de248ad0b72e8b5d6998bd7dd5caf93,2026-09-11T13:21:26.925290+00:00,results/shard_01
transformer_cfg_27_seed11,transformer,cfg_27,11,completed,1,runs/transformer_cfg_27_seed11/attempt_001,598ac32a2f7961b36041c91884426b580d4c8b4343280b39971140adfbb71f0f,2026-09-11T13:35:21.536680+00:00,results/shard_01
convtransformer_cfg_00_seed29,convtransformer,cfg_00,29,completed,1,runs/convtransformer_cfg_00_seed29/attempt_001,8a7522d78087b302eb57107a5c3335669158ca4b7ecdb687d2ae4a987b85e32a,2026-09-11T13:45:21.539320+00:00,results/shard_01
convtransformer_cfg_03_seed47,convtransformer,cfg_03,47,completed,1,runs/convtransformer_cfg_03_seed47/attempt_001,96cc35152053d07728eda3d855969ab978fdd502289c0fb2297ad169459a4833,2026-09-11T14:40:22.932613+00:00,results/shard_01
convtransformer_cfg_07_seed11,convtransformer,cfg_07,11,completed,1,runs/convtransformer_cfg_07_seed11/attempt_001,f271cae56692d1c347c83ae33c7eddfd0a5e683e2294f0bf5f8aea31940768c9,2026-09-11T14:46:33.323738+00:00,results/shard_01
convtransformer_cfg_10_seed29,convtransformer,cfg_10,29,completed,1,runs/convtransformer_cfg_10_seed29/attempt_001,11bc8f032fdf5b3fd64f8cb5829b03d9a7087f5d5c73ccc515fe00704f280581,2026-09-11T15:20:31.075659+00:00,results/shard_01
convtransformer_cfg_13_seed47,convtransformer,cfg_13,47,completed,1,runs/convtransformer_cfg_13_seed47/attempt_001,2827d97a7ab373959c0deff554b9b8f3c5e6c423c20e9044d9c12d802166d4c3,2026-09-11T15:29:23.760439+00:00,results/shard_01
convtransformer_cfg_17_seed11,convtransformer,cfg_17,11,completed,1,runs/convtransformer_cfg_17_seed11/attempt_001,e874a75a5a6ca2b1063aedfe4880b18acf3241abc4184732bdddf57e07da6093,2026-09-11T15:42:40.608831+00:00,results/shard_01
convtransformer_cfg_20_seed29,convtransformer,cfg_20,29,completed,1,runs/convtransformer_cfg_20_seed29/attempt_001,ca1c3914fb2d4ae2e705a464a06033bea48b394cc466437642b3168afd025adc,2026-09-11T16:06:19.056560+00:00,results/shard_01
convtransformer_cfg_23_seed47,convtransformer,cfg_23,47,completed,1,runs/convtransformer_cfg_23_seed47/attempt_001,7837e899c96712ec882bef4100816b80f83286cfd8fa78b92e1974b4d69a0952,2026-09-11T16:21:54.210221+00:00,results/shard_01
convtransformer_cfg_27_seed11,convtransformer,cfg_27,11,completed,1,runs/convtransformer_cfg_27_seed11/attempt_001,d22fbe9a7352e69007776f0744f1fa0bc67af593350ffd7a0b776713acce0738,2026-09-11T16:32:22.078490+00:00,results/shard_01
lstm_cfg_00_seed29,lstm,cfg_00,29,completed,1,runs/lstm_cfg_00_seed29/attempt_001,4c883d8a363dfe79c4dc6174b04754768e0ffcabb422c29b9aa030e565c83b50,2026-09-11T17:08:30.827371+00:00,results/shard_01
lstm_cfg_03_seed47,lstm,cfg_03,47,completed,1,runs/lstm_cfg_03_seed47/attempt_001,38a396b43595c1213d841de52fb2413af21c0ae26288da5ac8f201155020f4f2,2026-09-11T18:18:09.380686+00:00,results/shard_01
lstm_cfg_07_seed11,lstm,cfg_07,11,completed,1,runs/lstm_cfg_07_seed11/attempt_001,7f459f5e42f7223db88955255563053f7d81ab6fe6dc2e69befbb2c4e8ed4b9d,2026-09-11T18:39:52.022437+00:00,results/shard_01
lstm_cfg_10_seed29,lstm,cfg_10,29,completed,1,runs/lstm_cfg_10_seed29/attempt_001,8891c09088895a2abece9484cbd6a45b5f4a11e6cddb8ebb2a3e651578d5ed15,2026-09-11T18:46:56.558782+00:00,results/shard_01
lstm_cfg_13_seed47,lstm,cfg_13,47,completed,1,runs/lstm_cfg_13_seed47/attempt_001,3b9839e55c1ffb4941a0dcd3bedbda57e9325c3c56af1c6052f9bbc1d9cec776,2026-09-11T19:01:25.442522+00:00,results/shard_01
lstm_cfg_17_seed11,lstm,cfg_17,11,completed,1,runs/lstm_cfg_17_seed11/attempt_001,048e7e8709ad4e28be7064e2997cdd22295c5ca2efe5a308039c79e45e29a5c0,2026-09-11T19:09:02.723235+00:00,results/shard_01
lstm_cfg_20_seed29,lstm,cfg_20,29,completed,1,runs/lstm_cfg_20_seed29/attempt_001,7865efea0fe0b570c492fbe4a328b8af717482e153e5167cc793b0b7f3cfe3bf,2026-09-11T19:28:59.632077+00:00,results/shard_01
lstm_cfg_23_seed47,lstm,cfg_23,47,completed,1,runs/lstm_cfg_23_seed47/attempt_001,84ecc2692c4a21e2eeaab3ef94756bca6276a81845465b6daf7e63c47dea0ed8,2026-09-11T19:49:02.804114+00:00,results/shard_01
lstm_cfg_27_seed11,lstm,cfg_27,11,completed,1,runs/lstm_cfg_27_seed11/attempt_001,4ebf600d772f13ae31150f04a1c3ba36506a28ae14f0182e7639e2a456fac915,2026-09-11T19:58:05.710998+00:00,results/shard_01
xlstm_cfg_00_seed29,xlstm,cfg_00,29,completed,1,runs/xlstm_cfg_00_seed29/attempt_001,b0aa9a2a2dd28c4f5998aef56118a41930ff8251956eacd6e66db08a74ccc7cf,2026-09-11T20:14:37.251640+00:00,results/shard_01
xlstm_cfg_03_seed47,xlstm,cfg_03,47,completed,1,runs/xlstm_cfg_03_seed47/attempt_001,201c3bf1f30393cf536b0278bed6ff0038ed4237fcbba375fe8c2b7820c9155d,2026-09-12T08:35:33.020777+00:00,results/shard_01
xlstm_cfg_07_seed11,xlstm,cfg_07,11,completed,1,runs/xlstm_cfg_07_seed11/attempt_001,369fc6a345cf7117f09651b18f640e45537c4e069e4f8c13e089f73699193927,2026-09-12T14:55:39.871820+00:00,results/shard_01
xlstm_cfg_10_seed29,xlstm,cfg_10,29,completed,1,runs/xlstm_cfg_10_seed29/attempt_001,ecc3d73dc86bb7a69d6ab32d357ec89806c9e961fd4555e10e6c629edf6ba749,2026-09-12T21:16:48.730897+00:00,results/shard_01
xlstm_cfg_13_seed47,xlstm,cfg_13,47,completed,1,runs/xlstm_cfg_13_seed47/attempt_001,be5a7824bb39766bfe8a5139514af1aaaf9e8ce61427ba3f96f534b0523dea6d,2026-09-13T06:21:25.156418+00:00,results/shard_01
xlstm_cfg_17_seed11,xlstm,cfg_17,11,completed,1,runs/xlstm_cfg_17_seed11/attempt_001,139b89282e40f676207210162f5b9a0ddb758c58cc46b65ed5362b61f6d8cd40,2026-09-13T15:58:00.385813+00:00,results/shard_01
xlstm_cfg_20_seed29,xlstm,cfg_20,29,completed,1,runs/xlstm_cfg_20_seed29/attempt_001,4bc9325c5974378498e5285670a5f8898ff39d5f3f4be30ac18fb6d2e8ecb2f8,2026-09-13T20:13:49.489031+00:00,results/shard_01
xlstm_cfg_23_seed47,xlstm,cfg_23,47,completed,1,runs/xlstm_cfg_23_seed47/attempt_001,b2795ef588c97355bf3273a0e71a5f60452aa9de9d5fc290a1ca1b31fafd953f,2026-09-13T23:34:12.691029+00:00,results/shard_01
xlstm_cfg_27_seed11,xlstm,cfg_27,11,completed,1,runs/xlstm_cfg_27_seed11/attempt_001,80e13ecf55b949dcdc789a6efec2c214914ce4f2f29105439a0256c55d342104,2026-09-14T00:20:10.247045+00:00,results/shard_01
cnn_lstm_cfg_00_seed47,cnn_lstm,cfg_00,47,completed,1,runs/cnn_lstm_cfg_00_seed47/attempt_001,139241f2438be22409a20d9747a031faf085a499bd65dad34740a4302dacd2b7,2026-09-11T05:47:49.725810+00:00,results/shard_02
cnn_lstm_cfg_04_seed11,cnn_lstm,cfg_04,11,completed,1,runs/cnn_lstm_cfg_04_seed11/attempt_001,23e875b3fbb695c5312751dd5310a7e90e34d421197b2172bf379047cc6f9d96,2026-09-11T05:57:03.146395+00:00,results/shard_02
cnn_lstm_cfg_07_seed29,cnn_lstm,cfg_07,29,completed,1,runs/cnn_lstm_cfg_07_seed29/attempt_001,b1af9e8643d8b46e8f230e8ce7d179f45a75e996f68ff07d20b476a9f4df7e6b,2026-09-11T06:00:06.723142+00:00,results/shard_02
cnn_lstm_cfg_10_seed47,cnn_lstm,cfg_10,47,completed,1,runs/cnn_lstm_cfg_10_seed47/attempt_001,da8f8d240b4029f001fc62fb91235a3dbdb27c54e22abc2a79fe1f2c7138519e,2026-09-11T06:14:07.484301+00:00,results/shard_02
cnn_lstm_cfg_14_seed11,cnn_lstm,cfg_14,11,completed,1,runs/cnn_lstm_cfg_14_seed11/attempt_001,2907803fa2580307a6fcbd441c18e453245cc73996bdccb95f907272354e74d3,2026-09-11T06:26:18.914455+00:00,results/shard_02
cnn_lstm_cfg_17_seed29,cnn_lstm,cfg_17,29,completed,1,runs/cnn_lstm_cfg_17_seed29/attempt_001,85adb2c93f6424d52d5000429ab7091dce12c0cea5f3a1654bcf422002925a2e,2026-09-11T06:39:19.073260+00:00,results/shard_02
cnn_lstm_cfg_20_seed47,cnn_lstm,cfg_20,47,completed,1,runs/cnn_lstm_cfg_20_seed47/attempt_001,7e5959805faf31d7cf583259015d1f2657d6a0bd199d0f3e107a774caa60d3c1,2026-09-11T06:51:09.863925+00:00,results/shard_02
cnn_lstm_cfg_24_seed11,cnn_lstm,cfg_24,11,completed,1,runs/cnn_lstm_cfg_24_seed11/attempt_001,4deecea05ec84a8bcee9fcd026a8df70446f05b77c04aa689a5a9ec160e84fd2,2026-09-11T06:59:15.540872+00:00,results/shard_02
cnn_lstm_cfg_27_seed29,cnn_lstm,cfg_27,29,completed,1,runs/cnn_lstm_cfg_27_seed29/attempt_001,93dd9ce56f208edcd0dc217b7bb958c93c0b015d881f33429b7e5df3d1560dcd,2026-09-11T07:04:47.253279+00:00,results/shard_02
transformer_cfg_00_seed47,transformer,cfg_00,47,completed,1,runs/transformer_cfg_00_seed47/attempt_001,e47a5377738f45ae59dcecc4f352a17dfa2f9a268be5d9fa9acd41052fcf1213,2026-09-11T07:23:16.957523+00:00,results/shard_02
transformer_cfg_04_seed11,transformer,cfg_04,11,completed,1,runs/transformer_cfg_04_seed11/attempt_001,acab09e6e31b156724f4f0fcb14b09a563617fe397f0f8df8bfe1eebd5a1095d,2026-09-11T11:21:56.008814+00:00,results/shard_02
transformer_cfg_07_seed29,transformer,cfg_07,29,completed,1,runs/transformer_cfg_07_seed29/attempt_001,4025aacaa0c46cc27fce85b1215b34b053b73a97b908c82ae7ba9303387fd67e,2026-09-11T11:31:20.043610+00:00,results/shard_02
transformer_cfg_10_seed47,transformer,cfg_10,47,completed,1,runs/transformer_cfg_10_seed47/attempt_001,c0219e63f415e365cfb24238d4e6992057f028aebf9fdac0bd4b175ed945224c,2026-09-11T11:53:17.317101+00:00,results/shard_02
transformer_cfg_14_seed11,transformer,cfg_14,11,completed,1,runs/transformer_cfg_14_seed11/attempt_001,2feac5ac08cd9b6f5920d873ef61e5fd1d373dc213f11c1e67ebd5f2f0db5f3a,2026-09-11T12:15:55.133402+00:00,results/shard_02
transformer_cfg_17_seed29,transformer,cfg_17,29,completed,1,runs/transformer_cfg_17_seed29/attempt_001,f07120a63c91dc61d34739b34c49ba2f7a4e6f1a17aed73c434b45c8f39de5b7,2026-09-11T12:27:25.332135+00:00,results/shard_02
transformer_cfg_20_seed47,transformer,cfg_20,47,completed,1,runs/transformer_cfg_20_seed47/attempt_001,3561ef13fac76d11e6338f7de9beafbdd13bd5a50d7c3dc05648655cbcd3b559,2026-09-11T12:49:44.691437+00:00,results/shard_02
transformer_cfg_24_seed11,transformer,cfg_24,11,completed,1,runs/transformer_cfg_24_seed11/attempt_001,2e0bc80b1471a7e58123d206fac8f25c1e8bd41405ee38218d9087c18e67fc9a,2026-09-11T12:58:15.543152+00:00,results/shard_02
transformer_cfg_27_seed29,transformer,cfg_27,29,completed,1,runs/transformer_cfg_27_seed29/attempt_001,7787e64cc481fdd7ab793655ce3d64a9b4c3d00bc5f79d11d9aa55b221422ac9,2026-09-11T13:11:06.749492+00:00,results/shard_02
convtransformer_cfg_00_seed47,convtransformer,cfg_00,47,completed,1,runs/convtransformer_cfg_00_seed47/attempt_001,098b3a3b10b99c09322efd5ab9ad7332668dc46101f0fed28efd59935027ad6b,2026-09-11T13:21:31.879990+00:00,results/shard_02
convtransformer_cfg_04_seed11,convtransformer,cfg_04,11,completed,1,runs/convtransformer_cfg_04_seed11/attempt_001,d014c30b0ac31d4f8c520df96262cd82f2b6267e38f2319c63d7e2211cc17046,2026-09-11T13:26:36.965447+00:00,results/shard_02
convtransformer_cfg_07_seed29,convtransformer,cfg_07,29,completed,1,runs/convtransformer_cfg_07_seed29/attempt_001,09dcf1032e741448ae606fe8320d5ff5a1495fd273fae216c2dd70abacfb68ea,2026-09-11T13:33:31.369710+00:00,results/shard_02
convtransformer_cfg_10_seed47,convtransformer,cfg_10,47,completed,1,runs/convtransformer_cfg_10_seed47/attempt_001,af9d63a37cc5a24fe4f43e7c5ace06710beb7ef11b749aa14b1b8c592f831671,2026-09-11T14:00:21.360932+00:00,results/shard_02
convtransformer_cfg_14_seed11,convtransformer,cfg_14,11,completed,1,runs/convtransformer_cfg_14_seed11/attempt_001,f59d56f4426421ceec0de5c9d300e52a0490c9a1c7a3a6cf384cf48666b058f7,2026-09-11T14:58:05.417146+00:00,results/shard_02
convtransformer_cfg_17_seed29,convtransformer,cfg_17,29,completed,1,runs/convtransformer_cfg_17_seed29/attempt_001,72456eb3d1bd73be2b39a989f97c913fd8bb3120f7e4e3f8e98d344d39dc86c2,2026-09-11T15:11:31.252506+00:00,results/shard_02
convtransformer_cfg_20_seed47,convtransformer,cfg_20,47,completed,1,runs/convtransformer_cfg_20_seed47/attempt_001,b91a0e510950d2ccd4a53256a4a441eb944cfb1ffeb50d380039a035de0002c1,2026-09-11T15:36:41.067470+00:00,results/shard_02
convtransformer_cfg_24_seed11,convtransformer,cfg_24,11,completed,1,runs/convtransformer_cfg_24_seed11/attempt_001,ebf7b68203988194a8a6b604763bee284bc8621d8f990a2e01983bb2216f055d,2026-09-11T16:17:06.558854+00:00,results/shard_02
convtransformer_cfg_27_seed29,convtransformer,cfg_27,29,completed,1,runs/convtransformer_cfg_27_seed29/attempt_001,8596684265f6602970a15d5dcf1be19d4ab8fccd6f1ae334f614ad6073234552,2026-09-11T16:28:20.047011+00:00,results/shard_02
lstm_cfg_00_seed47,lstm,cfg_00,47,completed,1,runs/lstm_cfg_00_seed47/attempt_001,cdabfc8ad529e94111f93e241cf2e13c27cf144f3519579e4849364e6f735555,2026-09-11T17:25:00.956271+00:00,results/shard_02
lstm_cfg_04_seed11,lstm,cfg_04,11,completed,1,runs/lstm_cfg_04_seed11/attempt_001,e4faca10e281c9e193d81c5adb32121ef593c00a1d3fd594342cd66d6b39cb8d,2026-09-11T17:35:41.747157+00:00,results/shard_02
lstm_cfg_07_seed29,lstm,cfg_07,29,completed,1,runs/lstm_cfg_07_seed29/attempt_001,eb0f00cd7176f176f427d101a97a6e36e204d0366f7db74b43badbc4205d8cb1,2026-09-11T17:40:33.219478+00:00,results/shard_02
lstm_cfg_10_seed47,lstm,cfg_10,47,completed,1,runs/lstm_cfg_10_seed47/attempt_001,c9a9e0bdef2e93a033fab2e0729801cedc1ea579bec97b9f50c768a269d57499,2026-09-11T17:51:46.455263+00:00,results/shard_02
lstm_cfg_14_seed11,lstm,cfg_14,11,completed,1,runs/lstm_cfg_14_seed11/attempt_001,280a4aebf3dbb1397d1ffc3ba299879fcaa99815f3af25eb459ec71fe3d283ef,2026-09-11T18:59:16.080931+00:00,results/shard_02
lstm_cfg_17_seed29,lstm,cfg_17,29,completed,1,runs/lstm_cfg_17_seed29/attempt_001,b43b00e4ecf1eb646c41246390400290ff8c70ff5b80795e17adee3b8aa71d0d,2026-09-11T19:07:28.190484+00:00,results/shard_02
lstm_cfg_20_seed47,lstm,cfg_20,47,completed,1,runs/lstm_cfg_20_seed47/attempt_001,cf0f4b01f3958410b850d4849b21b9dd88632218db858388f99b2b91e39ef139,2026-09-11T19:19:17.840545+00:00,results/shard_02
lstm_cfg_24_seed11,lstm,cfg_24,11,completed,1,runs/lstm_cfg_24_seed11/attempt_001,fe0319a8d557943c32bfb21ca1d3a4afae2c84216e1953f1bd58203d484b11a2,2026-09-11T19:33:43.797733+00:00,results/shard_02
lstm_cfg_27_seed29,lstm,cfg_27,29,completed,1,runs/lstm_cfg_27_seed29/attempt_001,c93f9ac07152f419bf1d0cb4d88ea0f65c8c29bbfec80df9136a95d17193eebf,2026-09-11T19:40:42.924036+00:00,results/shard_02
xlstm_cfg_00_seed47,xlstm,cfg_00,47,completed,1,runs/xlstm_cfg_00_seed47/attempt_001,c89e311d9a6412d4df2fc32e57545cb3a8d62962189274d1d78b674a8d0513d0,2026-09-11T20:20:55.285451+00:00,results/shard_02
xlstm_cfg_04_seed11,xlstm,cfg_04,11,completed,1,runs/xlstm_cfg_04_seed11/attempt_001,b09f3bea3f92c78e132220f6f3709be09beaa0964de7e733e614d71951383c93,2026-09-11T20:55:13.385206+00:00,results/shard_02
xlstm_cfg_07_seed29,xlstm,cfg_07,29,completed,1,runs/xlstm_cfg_07_seed29/attempt_001,e7350fb7e895a85ebdb1c1865cd8cf4a1e653cc020e64befadabc7445517c3ad,2026-09-12T00:32:04.648960+00:00,results/shard_02
xlstm_cfg_10_seed47,xlstm,cfg_10,47,completed,1,runs/xlstm_cfg_10_seed47/attempt_001,d538ef451dcf2cd9a9f0f66d15c37ab22a2b0f02b8c3d59946c7ad11aeed541e,2026-09-12T05:40:10.836661+00:00,results/shard_02
xlstm_cfg_14_seed11,xlstm,cfg_14,11,completed,1,runs/xlstm_cfg_14_seed11/attempt_001,c3e1b8b265335f9adb80392453b571f8ae7644b80617f03f24f2eb223301e05c,2026-09-12T11:14:35.035706+00:00,results/shard_02
xlstm_cfg_17_seed29,xlstm,cfg_17,29,completed,1,runs/xlstm_cfg_17_seed29/attempt_001,d91aa5e09c52362cdeb1dbd106f61ea7707907ff2984dc4757232bef11ebad66,2026-09-12T20:21:22.229865+00:00,results/shard_02
xlstm_cfg_20_seed47,xlstm,cfg_20,47,completed,1,runs/xlstm_cfg_20_seed47/attempt_001,7036679211eba28b0df1bdaf78d41895b4c1d2c7e0d544b0d0705fe387554d4b,2026-09-13T00:09:54.185352+00:00,results/shard_02
xlstm_cfg_24_seed11,xlstm,cfg_24,11,completed,1,runs/xlstm_cfg_24_seed11/attempt_001,34e162c08dafad073a82e0d6fd1e8bcbc2247278d7ce21040fe2f5f7583202bc,2026-09-13T05:53:40.949823+00:00,results/shard_02
xlstm_cfg_27_seed29,xlstm,cfg_27,29,completed,1,runs/xlstm_cfg_27_seed29/attempt_001,c4841aada4df9d61d5bf1317efe7f4865c6015f61060fbd0dda8aecaab99eecc,2026-09-13T11:28:34.818439+00:00,results/shard_02
cnn_lstm_cfg_01_seed11,cnn_lstm,cfg_01,11,completed,1,runs/cnn_lstm_cfg_01_seed11/attempt_001,535136e94599850e28a1e07f55a7d96e913f300e1a35fd5bb0d1cffe88b9b58c,2026-09-11T05:55:50.526310+00:00,results/shard_03
cnn_lstm_cfg_04_seed29,cnn_lstm,cfg_04,29,completed,1,runs/cnn_lstm_cfg_04_seed29/attempt_001,7b9a649f2cde7fc57f3417b9dd0b4689de1f141a6cebcbdf37bb084c2817b84c,2026-09-11T06:03:17.965244+00:00,results/shard_03
cnn_lstm_cfg_07_seed47,cnn_lstm,cfg_07,47,completed,1,runs/cnn_lstm_cfg_07_seed47/attempt_001,c63aa76a0853af712fdcc1aa21f47489768bce65e1bc5ed9bdad0340a77e7314,2026-09-11T06:07:20.456408+00:00,results/shard_03
cnn_lstm_cfg_11_seed11,cnn_lstm,cfg_11,11,completed,1,runs/cnn_lstm_cfg_11_seed11/attempt_001,cd5461621838e14592e9c9a3dc944ecd5a75633d2265f3c2716b47cb200603f7,2026-09-11T06:18:56.151216+00:00,results/shard_03
cnn_lstm_cfg_14_seed29,cnn_lstm,cfg_14,29,completed,1,runs/cnn_lstm_cfg_14_seed29/attempt_001,1b04a4126f4bff43e96a0ed609c56e6ce004707d9bcfaa2f4762b5420ccd4947,2026-09-11T06:37:36.770109+00:00,results/shard_03
cnn_lstm_cfg_17_seed47,cnn_lstm,cfg_17,47,completed,1,runs/cnn_lstm_cfg_17_seed47/attempt_001,630b730d96bd3d2456eaaf4e1a323139dcda75474f475174f2de4c570cdce4b1,2026-09-11T06:51:14.068875+00:00,results/shard_03
cnn_lstm_cfg_21_seed11,cnn_lstm,cfg_21,11,completed,1,runs/cnn_lstm_cfg_21_seed11/attempt_001,86fca909973060b9e9b9a265499ae306b08173ad92435998132c649979d1bb58,2026-09-11T06:57:51.821416+00:00,results/shard_03
cnn_lstm_cfg_24_seed29,cnn_lstm,cfg_24,29,completed,1,runs/cnn_lstm_cfg_24_seed29/attempt_001,f7cfc654dd066397760599aaef9f380a539f8afb797100fb80f1eb5e69e2289d,2026-09-11T07:04:45.929356+00:00,results/shard_03
cnn_lstm_cfg_27_seed47,cnn_lstm,cfg_27,47,completed,1,runs/cnn_lstm_cfg_27_seed47/attempt_001,1c7924b93d840f4855fffe72137ebd6ae00533fe29ce715d13c7a761193aa89b,2026-09-11T07:11:20.117378+00:00,results/shard_03
transformer_cfg_01_seed11,transformer,cfg_01,11,completed,1,runs/transformer_cfg_01_seed11/attempt_001,1b5ba226c29d77e44ca21e1244173aa69cd963b701cd25459c3178eecc291f31,2026-09-11T07:18:12.792610+00:00,results/shard_03
transformer_cfg_04_seed29,transformer,cfg_04,29,completed,1,runs/transformer_cfg_04_seed29/attempt_001,1f63c300ca90e82d3101ea4622260f3f0806351ce414da6eb346878ea2001ed7,2026-09-11T11:23:01.846894+00:00,results/shard_03
transformer_cfg_07_seed47,transformer,cfg_07,47,completed,1,runs/transformer_cfg_07_seed47/attempt_001,6de895ca595255c2f798f218eb331678dd0cd79d8b6e5f8703d7082509db92f9,2026-09-11T11:33:08.261700+00:00,results/shard_03
transformer_cfg_11_seed11,transformer,cfg_11,11,completed,1,runs/transformer_cfg_11_seed11/attempt_001,863162958a710ebfe4bcffd3bb7df7be2c9771e0b56979083ac82c4c69c670e3,2026-09-11T11:38:07.970115+00:00,results/shard_03
transformer_cfg_14_seed29,transformer,cfg_14,29,completed,1,runs/transformer_cfg_14_seed29/attempt_001,8e036c6780070ddd7155c311c7eea2f608363970464152382dd60a6e3d68a65a,2026-09-11T11:56:02.850050+00:00,results/shard_03
transformer_cfg_17_seed47,transformer,cfg_17,47,completed,1,runs/transformer_cfg_17_seed47/attempt_001,ee0e21a3c2a63c90dd0da06c3b567d964a559e9888fb36251e9513ede5b128e6,2026-09-11T12:10:22.064274+00:00,results/shard_03
transformer_cfg_21_seed11,transformer,cfg_21,11,completed,1,runs/transformer_cfg_21_seed11/attempt_001,67d8941075a55326295649c127e24a9f70d84b87b2f52946dd23ca17ad380e1a,2026-09-11T12:17:54.180415+00:00,results/shard_03
transformer_cfg_24_seed29,transformer,cfg_24,29,completed,1,runs/transformer_cfg_24_seed29/attempt_001,8d24d8e4dd110725e5b36a3bcf54333d8ddd331ef6f7c164dc025379b5fa1022,2026-09-11T12:32:45.535269+00:00,results/shard_03
transformer_cfg_27_seed47,transformer,cfg_27,47,completed,1,runs/transformer_cfg_27_seed47/attempt_001,0d40fe091bdef3ffa8ede2dee32a2d873f18042722fdc95405ad24aadfc2c25f,2026-09-11T12:48:01.169432+00:00,results/shard_03
convtransformer_cfg_01_seed11,convtransformer,cfg_01,11,completed,1,runs/convtransformer_cfg_01_seed11/attempt_001,70eb2ef215b8eeb104f06ffa7c843b9e5b3d706b2e456c126db31eaae4fa9dfc,2026-09-11T12:58:46.392985+00:00,results/shard_03
convtransformer_cfg_04_seed29,convtransformer,cfg_04,29,completed,1,runs/convtransformer_cfg_04_seed29/attempt_001,7f79fc329780c21b1dbb38968cb1b9e86527df6ce1232ef19ec9621a70e8c239,2026-09-11T13:04:17.573701+00:00,results/shard_03
convtransformer_cfg_07_seed47,convtransformer,cfg_07,47,completed,1,runs/convtransformer_cfg_07_seed47/attempt_001,033eeb18cbdc9d528e29a585ae4a08c479b2594fa0af7ee6d57a46e7d5ebfd9b,2026-09-11T13:10:32.517905+00:00,results/shard_03
convtransformer_cfg_11_seed11,convtransformer,cfg_11,11,completed,1,runs/convtransformer_cfg_11_seed11/attempt_001,0b9e0d0ec7b1990091e0ae58fde6e9e51ca73b1bca984c4471c2e221a929a238,2026-09-11T13:34:33.102254+00:00,results/shard_03
convtransformer_cfg_14_seed29,convtransformer,cfg_14,29,completed,1,runs/convtransformer_cfg_14_seed29/attempt_001,6e2c3f2ec4c6d5e16e39934c6663eb5b141f4fc8baa0e0a92b46dc8abd6aa835,2026-09-11T14:24:44.060489+00:00,results/shard_03
convtransformer_cfg_17_seed47,convtransformer,cfg_17,47,completed,1,runs/convtransformer_cfg_17_seed47/attempt_001,2c9943862bc451fc2d21a7909b3707c7a5963894dab12d3305051eef9687df80,2026-09-11T14:35:26.263859+00:00,results/shard_03
convtransformer_cfg_21_seed11,convtransformer,cfg_21,11,completed,1,runs/convtransformer_cfg_21_seed11/attempt_001,b8e40cd863d82badd7be0649f162f989f2a5238465c6d98cb8d4c77a9ba42070,2026-09-11T14:43:42.665061+00:00,results/shard_03
convtransformer_cfg_24_seed29,convtransformer,cfg_24,29,completed,1,runs/convtransformer_cfg_24_seed29/attempt_001,924327015f35e2dec241be64856847bb2e9ad3256a2cac898c94b5444f8d5e22,2026-09-11T15:21:55.169798+00:00,results/shard_03
convtransformer_cfg_27_seed47,convtransformer,cfg_27,47,completed,1,runs/convtransformer_cfg_27_seed47/attempt_001,eac07cb1226ccc83ab11f756d0c62fd8191c64c1405ee70d73c2b0c0cf28ec4e,2026-09-11T15:32:20.763604+00:00,results/shard_03
lstm_cfg_01_seed11,lstm,cfg_01,11,completed,1,runs/lstm_cfg_01_seed11/attempt_001,4bae1c3880cecbe0fb97d48751ef2cdf1697118b0e75b55946002ca645eca2fc,2026-09-11T15:45:35.690366+00:00,results/shard_03
lstm_cfg_04_seed29,lstm,cfg_04,29,completed,1,runs/lstm_cfg_04_seed29/attempt_001,d4c504555c15bceb33026f464c04b6c8adc5e2421102b5f5138223b1f42dc28d,2026-09-11T16:00:06.039645+00:00,results/shard_03
lstm_cfg_07_seed47,lstm,cfg_07,47,completed,1,runs/lstm_cfg_07_seed47/attempt_001,6a461f911caa29d712938db5fc792e08f18b67d3dc9481a69d3c613d51a99a8a,2026-09-11T16:21:18.641501+00:00,results/shard_03
lstm_cfg_11_seed11,lstm,cfg_11,11,completed,1,runs/lstm_cfg_11_seed11/attempt_001,d5101eade7d5d51020885181f306cbbb42e54954c5e814315a8c44e5d0392696,2026-09-11T16:29:58.583403+00:00,results/shard_03
lstm_cfg_14_seed29,lstm,cfg_14,29,completed,1,runs/lstm_cfg_14_seed29/attempt_001,d1fa7cb4c17a2db21dad8ed2b9ee08a91d3cbe85803e5271bc6d04dfb26d8332,2026-09-11T17:15:36.876139+00:00,results/shard_03
lstm_cfg_17_seed47,lstm,cfg_17,47,completed,1,runs/lstm_cfg_17_seed47/attempt_001,4efb04fd892027e05c66a8c16753d6d532e43ca2fb55bd9b1bf41dde5434f3ab,2026-09-11T17:24:38.751817+00:00,results/shard_03
lstm_cfg_21_seed11,lstm,cfg_21,11,completed,1,runs/lstm_cfg_21_seed11/attempt_001,2e19d4a0800d5a1dd1597ca0bca8d57cc9a7f1140e7fc81d8f6c65461e00e347,2026-09-11T17:54:48.571076+00:00,results/shard_03
lstm_cfg_24_seed29,lstm,cfg_24,29,completed,1,runs/lstm_cfg_24_seed29/attempt_001,f4950115bf4f04f1dde28885eb873985cbbdbca212bbc59b1d641ec91f7be8e5,2026-09-11T18:06:25.673014+00:00,results/shard_03
lstm_cfg_27_seed47,lstm,cfg_27,47,completed,1,runs/lstm_cfg_27_seed47/attempt_001,580272f51a6031e8e4745ebcb71cbcc0029001200b17e147acfcb902b89f9cad,2026-09-11T18:14:29.256888+00:00,results/shard_03
xlstm_cfg_01_seed11,xlstm,cfg_01,11,completed,1,runs/xlstm_cfg_01_seed11/attempt_001,ae6e73ca3e7e7a5dc92385b4d9b2156a24e6d52f7e0682c4793255fac1ee2c9c,2026-09-11T22:09:07.477699+00:00,results/shard_03
xlstm_cfg_04_seed29,xlstm,cfg_04,29,completed,1,runs/xlstm_cfg_04_seed29/attempt_001,8c91c2e746f445faaecce715c80a72e17519fab409e1537df166619a8e7b52e4,2026-09-11T23:03:45.624205+00:00,results/shard_03
xlstm_cfg_07_seed47,xlstm,cfg_07,47,completed,1,runs/xlstm_cfg_07_seed47/attempt_001,d7e172a2a3a841a2e00aa8374d6e20c084d30ba509ce0fa1713ad9fdfe0d68f2,2026-09-12T02:35:26.831735+00:00,results/shard_03
xlstm_cfg_11_seed11,xlstm,cfg_11,11,completed,1,runs/xlstm_cfg_11_seed11/attempt_001,2b98129f653ffb71b695a214f936c9d1379a8d24bffeb819c7438c0406d3b427,2026-09-12T06:21:27.619371+00:00,results/shard_03
xlstm_cfg_14_seed29,xlstm,cfg_14,29,completed,1,runs/xlstm_cfg_14_seed29/attempt_001,548dfcdd2d67da93891e7bc540dad3d3d3970bb0b5a03d3b3cdc570351d2e495,2026-09-12T10:10:01.004093+00:00,results/shard_03
xlstm_cfg_17_seed47,xlstm,cfg_17,47,completed,1,runs/xlstm_cfg_17_seed47/attempt_001,6aba00fec9f538125b1de509bf58ac5aea198ba35ba794d1dd722db0e831730c,2026-09-12T20:09:16.521827+00:00,results/shard_03
xlstm_cfg_21_seed11,xlstm,cfg_21,11,completed,1,runs/xlstm_cfg_21_seed11/attempt_001,7742e1ab8c581f4e14644a4120e3b9327cd51b2d10f526b2ce4c1d3f7ef1e81f,2026-09-13T01:46:03.618906+00:00,results/shard_03
xlstm_cfg_24_seed29,xlstm,cfg_24,29,completed,1,runs/xlstm_cfg_24_seed29/attempt_001,5334c5fde1d3e3bdef5adb4323a0791850335c4f9ba9443fb1ccec8c6448e988,2026-09-13T07:03:57.919355+00:00,results/shard_03
xlstm_cfg_27_seed47,xlstm,cfg_27,47,completed,1,runs/xlstm_cfg_27_seed47/attempt_001,165c949638db073459580863c04ce2b7d0f5a87da16cb09b8d42259590cc70ec,2026-09-13T11:47:52.155370+00:00,results/shard_03
cnn_lstm_cfg_01_seed29,cnn_lstm,cfg_01,29,completed,1,runs/cnn_lstm_cfg_01_seed29/attempt_001,393bd50e3a2a18a04dbb2560962084c931049a687e7ac4eebacd806f9d300a77,2026-09-11T05:53:22.002414+00:00,results/shard_04
cnn_lstm_cfg_04_seed47,cnn_lstm,cfg_04,47,completed,1,runs/cnn_lstm_cfg_04_seed47/attempt_001,de56057e772956c5bfabb499291c7d467b107afd1b34c6147966ef49eaac8262,2026-09-11T05:58:24.711585+00:00,results/shard_04
cnn_lstm_cfg_08_seed11,cnn_lstm,cfg_08,11,completed,1,runs/cnn_lstm_cfg_08_seed11/attempt_001,6a1a3f3e19ff15b917ed2f50fef1ce072b4ace529972b9feaf5300c086afe48b,2026-09-11T06:19:34.154682+00:00,results/shard_04
cnn_lstm_cfg_11_seed29,cnn_lstm,cfg_11,29,completed,1,runs/cnn_lstm_cfg_11_seed29/attempt_001,d9d903289cdee745a0d1d4720484f2ef8857aee91df44aaa2102a4582784eeba,2026-09-11T06:29:07.386832+00:00,results/shard_04
cnn_lstm_cfg_14_seed47,cnn_lstm,cfg_14,47,completed,1,runs/cnn_lstm_cfg_14_seed47/attempt_001,eb46f529c89c84654406f520afd6cf591bf4bdd78b0222c1101e205c54f972de,2026-09-11T06:54:26.081159+00:00,results/shard_04
cnn_lstm_cfg_18_seed11,cnn_lstm,cfg_18,11,completed,1,runs/cnn_lstm_cfg_18_seed11/attempt_001,c1d544a3f06704ccf0299f4b0e09bf0678550d33fd9a352b2e5b4f437eaeab6f,2026-09-11T07:13:34.315125+00:00,results/shard_04
cnn_lstm_cfg_21_seed29,cnn_lstm,cfg_21,29,completed,1,runs/cnn_lstm_cfg_21_seed29/attempt_001,d29a472bee480d125a3e401b8db13fe4f270fbc8d985ab65f697ee5078f6781c,2026-09-11T07:20:23.853249+00:00,results/shard_04
cnn_lstm_cfg_24_seed47,cnn_lstm,cfg_24,47,completed,1,runs/cnn_lstm_cfg_24_seed47/attempt_001,47ab56c201edf2bb6e500c3f8d107e51f1909fbd37c4c5dca371c63149ac1845,2026-09-11T11:25:22.610907+00:00,results/shard_04
cnn_lstm_cfg_28_seed11,cnn_lstm,cfg_28,11,completed,1,runs/cnn_lstm_cfg_28_seed11/attempt_001,6cb404b8101c59469db4d1020ea5e2ce8fad15aba6e5703febcc4aa6700ff605,2026-09-11T11:59:58.190227+00:00,results/shard_04
transformer_cfg_01_seed29,transformer,cfg_01,29,completed,1,runs/transformer_cfg_01_seed29/attempt_001,7f209a36f57766e010b3083e409608a6a4c6a7a462e195e33045b483c963368a,2026-09-11T12:06:54.867611+00:00,results/shard_04
transformer_cfg_04_seed47,transformer,cfg_04,47,completed,1,runs/transformer_cfg_04_seed47/attempt_001,e4b374e906950c536b629bb0b52caf9c43638707fac29e9f10944001e6fdf44f,2026-09-11T12:14:19.187060+00:00,results/shard_04
transformer_cfg_08_seed11,transformer,cfg_08,11,completed,1,runs/transformer_cfg_08_seed11/attempt_001,ad121923aee455b81168e66d9e7b8ff6d9db5bdc5e15137049d5461ab42ecfd6,2026-09-11T12:41:50.764245+00:00,results/shard_04
transformer_cfg_11_seed29,transformer,cfg_11,29,completed,1,runs/transformer_cfg_11_seed29/attempt_001,61a4613358d494ae23e10c0415f3fae9e2469e07d92a4ac17cd624f413a7c4bd,2026-09-11T13:01:08.364465+00:00,results/shard_04
transformer_cfg_14_seed47,transformer,cfg_14,47,completed,1,runs/transformer_cfg_14_seed47/attempt_001,61a8ddb716c96561ed0ffff8fa60488aaed9918a0ef343e40fcbcb07fd3c7c0c,2026-09-11T13:07:04.777332+00:00,results/shard_04
transformer_cfg_18_seed11,transformer,cfg_18,11,completed,1,runs/transformer_cfg_18_seed11/attempt_001,d2869a554e68ec235c3c6dbb8342b4358c53dc90a3cedde48e93d19c9f5a8093,2026-09-11T13:14:17.228747+00:00,results/shard_04
transformer_cfg_21_seed29,transformer,cfg_21,29,completed,1,runs/transformer_cfg_21_seed29/attempt_001,be2d4bbd33dd2dc2b64149626b35d8eccc765782ed8a10327c83e8e7337cb3fb,2026-09-11T13:19:13.740617+00:00,results/shard_04
transformer_cfg_24_seed47,transformer,cfg_24,47,completed,1,runs/transformer_cfg_24_seed47/attempt_001,1a469cca176a40f4ccdde96da404f65d19f229ecf5ef78441bdf2b7356431598,2026-09-11T13:25:35.414594+00:00,results/shard_04
transformer_cfg_28_seed11,transformer,cfg_28,11,completed,1,runs/transformer_cfg_28_seed11/attempt_001,93cf43c7e57b7f5449a911e62d85d90883bbddbc7607ee802c2110696cf80869,2026-09-11T14:01:52.870252+00:00,results/shard_04
convtransformer_cfg_01_seed29,convtransformer,cfg_01,29,completed,1,runs/convtransformer_cfg_01_seed29/attempt_001,570bf6a209cec6190f6161cbaa9a9e722f6cd670d04b745563280332ddccc328,2026-09-11T14:12:20.633718+00:00,results/shard_04
convtransformer_cfg_04_seed47,convtransformer,cfg_04,47,completed,1,runs/convtransformer_cfg_04_seed47/attempt_001,a5f375ff2027c7cc65f49c97937c231a30b5360fc6a720edaa35a57a2e6b0260,2026-09-11T14:17:54.040582+00:00,results/shard_04
convtransformer_cfg_08_seed11,convtransformer,cfg_08,11,completed,1,runs/convtransformer_cfg_08_seed11/attempt_001,705272b9aad1f215284ff33853bf4ac28175ab757dedf07fff41f83557d88510,2026-09-11T15:11:13.090067+00:00,results/shard_04
convtransformer_cfg_11_seed29,convtransformer,cfg_11,29,completed,1,runs/convtransformer_cfg_11_seed29/attempt_001,b0ea0ba576473e83339c0a29453c9d66166547c48f5d11c247964b7d23739147,2026-09-11T15:32:55.464479+00:00,results/shard_04
convtransformer_cfg_14_seed47,convtransformer,cfg_14,47,completed,1,runs/convtransformer_cfg_14_seed47/attempt_001,7d7b5206ac018ebcceda31ec24321709d3aad64c6c8f54a2154912609d0d6ed4,2026-09-11T16:25:39.660967+00:00,results/shard_04
convtransformer_cfg_18_seed11,convtransformer,cfg_18,11,completed,1,runs/convtransformer_cfg_18_seed11/attempt_001,544eba8fd6da9b75b04516a2ed925bdc04f5d909a7ceb46e592db8284cb2c8aa,2026-09-11T17:10:29.473081+00:00,results/shard_04
convtransformer_cfg_21_seed29,convtransformer,cfg_21,29,completed,1,runs/convtransformer_cfg_21_seed29/attempt_001,1e2530f9364a994fdb08e2c3fd524f4e3e59ec0a1abbbdbe5ffda42d1232f78f,2026-09-11T18:01:09.090658+00:00,results/shard_04
convtransformer_cfg_24_seed47,convtransformer,cfg_24,47,completed,1,runs/convtransformer_cfg_24_seed47/attempt_001,34f7a768ca8c9cd67f65652e297635762c2e05972bbf75f6cebbd539ff196041,2026-09-11T18:40:54.626378+00:00,results/shard_04
convtransformer_cfg_28_seed11,convtransformer,cfg_28,11,completed,1,runs/convtransformer_cfg_28_seed11/attempt_001,3d271f2f8aab1daa0b5c548a91c704976288d55a63b64137f1141b0e7a8d75b9,2026-09-11T19:55:40.827388+00:00,results/shard_04
lstm_cfg_01_seed29,lstm,cfg_01,29,completed,1,runs/lstm_cfg_01_seed29/attempt_001,b4eb62b43c6b0ec84c1d95bf912caea73cecd7aebcaff3ce261a690ff4bd85a5,2026-09-11T20:07:28.405671+00:00,results/shard_04
lstm_cfg_04_seed47,lstm,cfg_04,47,completed,1,runs/lstm_cfg_04_seed47/attempt_001,259fdebdc49a147ddc75b5db7e497e5986608467a4d85cd27276cb4789d47dad,2026-09-11T20:18:14.450271+00:00,results/shard_04
lstm_cfg_08_seed11,lstm,cfg_08,11,completed,1,runs/lstm_cfg_08_seed11/attempt_001,595fad2c2f77d3157a867438599b1026721c171d6cbb7673a5c8a0dc64737bca,2026-09-11T20:36:08.712610+00:00,results/shard_04
lstm_cfg_11_seed29,lstm,cfg_11,29,completed,1,runs/lstm_cfg_11_seed29/attempt_001,723fcc78e7649c1fba03231919e7ada968e5856df1c4b2ffa677f2a10a0a6a71,2026-09-11T20:47:27.884871+00:00,results/shard_04
lstm_cfg_14_seed47,lstm,cfg_14,47,completed,1,runs/lstm_cfg_14_seed47/attempt_001,0fd9a9202c3b722821a3f42a9e615e9b479413a289304040fa938cd4c1e9390c,2026-09-11T21:54:27.875701+00:00,results/shard_04
lstm_cfg_18_seed11,lstm,cfg_18,11,completed,1,runs/lstm_cfg_18_seed11/attempt_001,eadf7e63d746b17bfc09d9c85aa46c23563ae6b560ba7cc1e8ecdfbf85276cd8,2026-09-11T23:42:00.667150+00:00,results/shard_04
lstm_cfg_21_seed29,lstm,cfg_21,29,completed,1,runs/lstm_cfg_21_seed29/attempt_001,f66763f82cfffb865551250f9ece638776961f7e0bb0035105bc0a7b874e1d44,2026-09-12T00:05:37.889092+00:00,results/shard_04
lstm_cfg_24_seed47,lstm,cfg_24,47,completed,1,runs/lstm_cfg_24_seed47/attempt_001,4411a0e8cd0c2ea333b34fe8a836a58bf55a412ae9fc4ccabe1fe75b22b01c6b,2026-09-12T00:14:19.720337+00:00,results/shard_04
lstm_cfg_28_seed11,lstm,cfg_28,11,completed,1,runs/lstm_cfg_28_seed11/attempt_001,e03113daf4dd371e86e9496743aa5c41187f92557b019c5a6d3ec3d19db9bab2,2026-09-12T00:39:10.016800+00:00,results/shard_04
xlstm_cfg_01_seed29,xlstm,cfg_01,29,completed,1,runs/xlstm_cfg_01_seed29/attempt_001,a6f985a66dae099d14a8708213444fd3b61af70dbe730e12b50bb29ef59afb97,2026-09-12T04:19:54.274676+00:00,results/shard_04
xlstm_cfg_04_seed47,xlstm,cfg_04,47,completed,1,runs/xlstm_cfg_04_seed47/attempt_001,1b552396e672ce20c1907f943c32228070c57aa20b69fcc41475113fa5a7ddbd,2026-09-12T06:16:12.743733+00:00,results/shard_04
xlstm_cfg_08_seed11,xlstm,cfg_08,11,completed,1,runs/xlstm_cfg_08_seed11/attempt_001,26fb2c93010f0ca504c3fa993f66ec764e7599a9839f1c14beb098114a9cf8aa,2026-09-12T10:59:19.553800+00:00,results/shard_04
xlstm_cfg_11_seed29,xlstm,cfg_11,29,completed,1,runs/xlstm_cfg_11_seed29/attempt_001,a70c971f4dfcaa572eae12c8bffa794adc359d00b16fcb83e1142466face9c6e,2026-09-12T14:02:01.847516+00:00,results/shard_04
xlstm_cfg_14_seed47,xlstm,cfg_14,47,completed,1,runs/xlstm_cfg_14_seed47/attempt_001,3d9adf546e68f6d6507b18e260e682610a7f48912c34db79fe83a9e21772e1e9,2026-09-12T16:54:33.189838+00:00,results/shard_04
xlstm_cfg_18_seed11,xlstm,cfg_18,11,completed,1,runs/xlstm_cfg_18_seed11/attempt_001,93dd5d5a6909b0b798ccdc36557bcaf654435869fd7d1675a948ad5273219c41,2026-09-12T23:49:27.416568+00:00,results/shard_04
xlstm_cfg_21_seed29,xlstm,cfg_21,29,completed,1,runs/xlstm_cfg_21_seed29/attempt_001,5cd96af7313a3958cc0c61c75d1f455e7d89df5b6e39a5b82b27875bd47b9cbe,2026-09-13T03:14:39.825419+00:00,results/shard_04
xlstm_cfg_24_seed47,xlstm,cfg_24,47,completed,1,runs/xlstm_cfg_24_seed47/attempt_001,5a72383d6c3ba1d75f53ae997104348043befc05a5487a15ccab8648e2d0654b,2026-09-13T06:47:52.004222+00:00,results/shard_04
xlstm_cfg_28_seed11,xlstm,cfg_28,11,completed,1,runs/xlstm_cfg_28_seed11/attempt_001,9aee5df197784e779b960151d8d2d0cc11aad163fae8c95cd4c61b3039274bd8,2026-09-13T14:41:49.640202+00:00,results/shard_04
cnn_lstm_cfg_01_seed47,cnn_lstm,cfg_01,47,completed,1,runs/cnn_lstm_cfg_01_seed47/attempt_001,a5f791dc3f74d85753e296c71cacb0add574c8ad1ba4bfe8872b86537bbac29b,2026-09-11T05:54:32.740266+00:00,results/shard_05
cnn_lstm_cfg_05_seed11,cnn_lstm,cfg_05,11,completed,1,runs/cnn_lstm_cfg_05_seed11/attempt_001,919c7bd53320876acbbc1d948283769cd46a6579f46d5e095c0304689dc625ec,2026-09-11T06:06:01.795497+00:00,results/shard_05
cnn_lstm_cfg_08_seed29,cnn_lstm,cfg_08,29,completed,1,runs/cnn_lstm_cfg_08_seed29/attempt_001,16248edd43702907d7d8fe9960d7a375cb8f70d36cc0f79853cfb18f162d9783,2026-09-11T06:33:30.909169+00:00,results/shard_05
cnn_lstm_cfg_11_seed47,cnn_lstm,cfg_11,47,completed,1,runs/cnn_lstm_cfg_11_seed47/attempt_001,26ad81c76bb1a2b5abca9a01cf00fcf0d0a5e59a0a7e0c3a7f586287e7818a1e,2026-09-11T06:45:40.579710+00:00,results/shard_05
cnn_lstm_cfg_15_seed11,cnn_lstm,cfg_15,11,completed,1,runs/cnn_lstm_cfg_15_seed11/attempt_001,99bbfe499363004f326027ffb52b6501c7d5a79af9b8195f2dface442d10ecc7,2026-09-11T07:06:24.688260+00:00,results/shard_05
cnn_lstm_cfg_18_seed29,cnn_lstm,cfg_18,29,completed,1,runs/cnn_lstm_cfg_18_seed29/attempt_001,e9c52fafa1f2e7d9421a5cabf9ec2e04819476a51f48e07f0ce0ca6cadc9fa27,2026-09-11T07:22:49.303456+00:00,results/shard_05
cnn_lstm_cfg_21_seed47,cnn_lstm,cfg_21,47,completed,1,runs/cnn_lstm_cfg_21_seed47/attempt_001,284120dd538a4073c6ce4cace4ec16a949eed616bf4287d09ea63b2d1485444f,2026-09-11T11:25:49.229585+00:00,results/shard_05
cnn_lstm_cfg_25_seed11,cnn_lstm,cfg_25,11,completed,1,runs/cnn_lstm_cfg_25_seed11/attempt_001,e38f5c9582d8f73e2255a59efa500fa255ec7ccaede382656590e044272279da,2026-09-11T11:34:54.617057+00:00,results/shard_05
cnn_lstm_cfg_28_seed29,cnn_lstm,cfg_28,29,completed,1,runs/cnn_lstm_cfg_28_seed29/attempt_001,3baf0698ab920a9d68204acd2039093b35c5c06841bdc8d4bb6890b0b891f959,2026-09-11T12:10:09.419108+00:00,results/shard_05
transformer_cfg_01_seed47,transformer,cfg_01,47,completed,1,runs/transformer_cfg_01_seed47/attempt_001,4dbace867ef051fe25c2b26bba539643ac191fab40a36ef36f40550269603a34,2026-09-11T12:16:05.591816+00:00,results/shard_05
transformer_cfg_05_seed11,transformer,cfg_05,11,completed,1,runs/transformer_cfg_05_seed11/attempt_001,4eeb96c81bf9681c7fa3bc08c0b4df918a66f809220e5087ab310a0eed7df9e9,2026-09-11T13:00:23.512769+00:00,results/shard_05
transformer_cfg_08_seed29,transformer,cfg_08,29,completed,1,runs/transformer_cfg_08_seed29/attempt_001,eeaf8a8b187b6a4f547ea15ed7188128e19ac1f40c4d8a9926a4205ba4c94303,2026-09-11T13:56:19.279303+00:00,results/shard_05
transformer_cfg_11_seed47,transformer,cfg_11,47,completed,1,runs/transformer_cfg_11_seed47/attempt_001,601902c95c4aa9c2182c07096b5658a629fcb04a56d923eafd17fe08e61d952d,2026-09-11T14:13:11.059961+00:00,results/shard_05
transformer_cfg_15_seed11,transformer,cfg_15,11,completed,1,runs/transformer_cfg_15_seed11/attempt_001,867187c60e50f5dc0b545b699fedf43f2e5d5da0bb6d166cd0c38bbc832a2661,2026-09-11T14:21:29.146238+00:00,results/shard_05
transformer_cfg_18_seed29,transformer,cfg_18,29,completed,1,runs/transformer_cfg_18_seed29/attempt_001,875b8fef2648e98d5341c020fd37481c72911616ebec1fd73fcae3208b2e8c2f,2026-09-11T14:33:42.054392+00:00,results/shard_05
transformer_cfg_21_seed47,transformer,cfg_21,47,completed,1,runs/transformer_cfg_21_seed47/attempt_001,6d0367b1e5a4fca8dd3d962b3a263ca7accfdb1d817b6f71e91fcf898af2a692,2026-09-11T14:40:11.042917+00:00,results/shard_05
transformer_cfg_25_seed11,transformer,cfg_25,11,completed,1,runs/transformer_cfg_25_seed11/attempt_001,9f6ff33aa87caec77a1060d3527f3d2ae39f419e4d164bdc41c0d9970f166cd5,2026-09-11T15:18:17.877485+00:00,results/shard_05
transformer_cfg_28_seed29,transformer,cfg_28,29,completed,1,runs/transformer_cfg_28_seed29/attempt_001,39367565f18454c5fbcc9ecaea6cc8c80cdd6540ce485f8db0bc72f15469b1f2,2026-09-11T16:43:18.615093+00:00,results/shard_05
convtransformer_cfg_01_seed47,convtransformer,cfg_01,47,completed,1,runs/convtransformer_cfg_01_seed47/attempt_001,7ad143121a799f8e63883fa79d613c50eee271a3e406dd468a8c98ac140f1832,2026-09-11T16:54:10.007213+00:00,results/shard_05
convtransformer_cfg_05_seed11,convtransformer,cfg_05,11,completed,1,runs/convtransformer_cfg_05_seed11/attempt_001,24c58a92c6874cd589d51c9e530635f2dd7ed9df6547a67d8c575c4e86ff37ad,2026-09-11T17:16:07.220585+00:00,results/shard_05
convtransformer_cfg_08_seed29,convtransformer,cfg_08,29,completed,1,runs/convtransformer_cfg_08_seed29/attempt_001,0b6522df768d469fc84032b515d8599d06ba9a217230df0a85ec8df5ae1aad64,2026-09-11T18:15:30.659048+00:00,results/shard_05
convtransformer_cfg_11_seed47,convtransformer,cfg_11,47,completed,1,runs/convtransformer_cfg_11_seed47/attempt_001,57c5bdb7aac291914fe39af5a79c1d8b7d21e458cc746a57cc8014b33e729925,2026-09-11T18:43:27.954827+00:00,results/shard_05
convtransformer_cfg_15_seed11,convtransformer,cfg_15,11,completed,1,runs/convtransformer_cfg_15_seed11/attempt_001,9d129b376d42b489f8a66ae4613c84708ada2fb480c774f869734ce1618fd5f8,2026-09-11T18:59:31.363123+00:00,results/shard_05
convtransformer_cfg_18_seed29,convtransformer,cfg_18,29,completed,1,runs/convtransformer_cfg_18_seed29/attempt_001,61cbd2e407261948f977a6e7886c546317ee4973afb3c3811e42e9ffaf550f82,2026-09-11T19:43:46.035792+00:00,results/shard_05
convtransformer_cfg_21_seed47,convtransformer,cfg_21,47,completed,1,runs/convtransformer_cfg_21_seed47/attempt_001,a9c2e1e6328a4f280fca1e53304c57198d3a8d43059c5f743251fb8dadb9a2fe,2026-09-11T19:52:20.177440+00:00,results/shard_05
convtransformer_cfg_25_seed11,convtransformer,cfg_25,11,completed,1,runs/convtransformer_cfg_25_seed11/attempt_001,2994baaad6bacef37b9d9fb61f137c8c3ee01b3e9d2a8f8e8f4a5d21e8c76fdb,2026-09-11T20:03:07.635957+00:00,results/shard_05
convtransformer_cfg_28_seed29,convtransformer,cfg_28,29,completed,1,runs/convtransformer_cfg_28_seed29/attempt_001,87cebd5101f95996ea536214a8116b088411946c073b5a555316024dcc48e587,2026-09-11T21:22:32.825125+00:00,results/shard_05
lstm_cfg_01_seed47,lstm,cfg_01,47,completed,1,runs/lstm_cfg_01_seed47/attempt_001,b9ee6e3e064b22aa70792152da447017feb1f3ed98fe296b5a9da1e9a742caba,2026-09-11T21:34:14.590065+00:00,results/shard_05
lstm_cfg_05_seed11,lstm,cfg_05,11,completed,1,runs/lstm_cfg_05_seed11/attempt_001,ca457c3f5317d5212b5a9f22de0e96eac7550c164660b83fc2586667a84e5db3,2026-09-11T21:54:40.168649+00:00,results/shard_05
lstm_cfg_08_seed29,lstm,cfg_08,29,completed,1,runs/lstm_cfg_08_seed29/attempt_001,8dc4ffc5d7b1bf99f44b0880d1a3857826cddb2956d1b67b5aa404e1e32d0643,2026-09-11T22:44:32.014896+00:00,results/shard_05
lstm_cfg_11_seed47,lstm,cfg_11,47,completed,1,runs/lstm_cfg_11_seed47/attempt_001,25ff094f631d60bf7223cc032671de6278b16bc7a165f0c25a7cdf61141e581f,2026-09-11T22:55:59.680058+00:00,results/shard_05
lstm_cfg_15_seed11,lstm,cfg_15,11,completed,1,runs/lstm_cfg_15_seed11/attempt_001,107a48f62be5e4c57ca6f796f9a2a2b75f1b223e81f5f44c23e5855c8d869324,2026-09-11T23:10:22.755408+00:00,results/shard_05
lstm_cfg_18_seed29,lstm,cfg_18,29,completed,1,runs/lstm_cfg_18_seed29/attempt_001,833c7e773eea198a34dc589dc7431a4e578cce25c9acf91bb47465b74ba1b341,2026-09-12T01:37:07.869489+00:00,results/shard_05
lstm_cfg_21_seed47,lstm,cfg_21,47,completed,1,runs/lstm_cfg_21_seed47/attempt_001,b7931f37bedb0c2c1740b460f24547f9b54c85fc048c09e01042761950eed0d4,2026-09-12T02:05:28.812676+00:00,results/shard_05
lstm_cfg_25_seed11,lstm,cfg_25,11,completed,1,runs/lstm_cfg_25_seed11/attempt_001,eea14b992077c1c05852933d62a965ce7f020e5b5010b5b094577fd8f6a66fac,2026-09-12T02:23:55.070514+00:00,results/shard_05
lstm_cfg_28_seed29,lstm,cfg_28,29,completed,1,runs/lstm_cfg_28_seed29/attempt_001,7dbbea24eb13075b97798c4eb34b3b09daa1b4e10ef13aaddea73fc3188fad67,2026-09-12T02:48:23.524339+00:00,results/shard_05
xlstm_cfg_01_seed47,xlstm,cfg_01,47,completed,1,runs/xlstm_cfg_01_seed47/attempt_001,5126640b45d0edb442feb0b7d0422e0f569ee1340c34c6788f67813d01dab15f,2026-09-12T04:14:47.801980+00:00,results/shard_05
xlstm_cfg_05_seed11,xlstm,cfg_05,11,completed,1,runs/xlstm_cfg_05_seed11/attempt_001,fe952f3913a22da88b207d4305b0c9cc230c1b7c03510b4669d96c11a35344b7,2026-09-12T08:23:50.840765+00:00,results/shard_05
xlstm_cfg_08_seed29,xlstm,cfg_08,29,completed,1,runs/xlstm_cfg_08_seed29/attempt_001,5dc513ec35201faf46412c19c0062fd23ccb877f832dacc9c2dc13823b3dca91,2026-09-12T14:02:39.449842+00:00,results/shard_05
xlstm_cfg_11_seed47,xlstm,cfg_11,47,completed,1,runs/xlstm_cfg_11_seed47/attempt_001,cbb1b99f14b4157c1f91f164586f8533b3a9a6f43bd4d2fadf1321356d76e74b,2026-09-12T17:28:12.925582+00:00,results/shard_05
xlstm_cfg_15_seed11,xlstm,cfg_15,11,completed,1,runs/xlstm_cfg_15_seed11/attempt_001,348708c86686d8b9879e3287687069910ec48e0432261564731ac7b8bf1da580,2026-09-12T23:59:34.194415+00:00,results/shard_05
xlstm_cfg_18_seed29,xlstm,cfg_18,29,completed,1,runs/xlstm_cfg_18_seed29/attempt_001,01fe955081cc3f29af2c1ce3debd6b569c52a783f312c6e2be287b2273547d08,2026-09-13T12:28:01.590930+00:00,results/shard_05
xlstm_cfg_21_seed47,xlstm,cfg_21,47,completed,1,runs/xlstm_cfg_21_seed47/attempt_001,1851f5d9aa6ce4426405865cd7835cfa5d045b191ca975110168c7c7fb8f11ef,2026-09-13T16:34:47.709183+00:00,results/shard_05
xlstm_cfg_25_seed11,xlstm,cfg_25,11,completed,1,runs/xlstm_cfg_25_seed11/attempt_001,cdbcf2511e523d72cafd07728d189b0a8505d248d50cae8dd8ca574efbda79c5,2026-09-13T18:59:03.277540+00:00,results/shard_05
xlstm_cfg_28_seed29,xlstm,cfg_28,29,completed,1,runs/xlstm_cfg_28_seed29/attempt_001,d0749e8047a9553b3000807d8cc8d8cdeb00710352aae43bc47d9cd46f8a547e,2026-09-14T05:40:45.916522+00:00,results/shard_05
cnn_lstm_cfg_02_seed11,cnn_lstm,cfg_02,11,completed,1,runs/cnn_lstm_cfg_02_seed11/attempt_001,5190b447c5c52cee8221cecf841bb2fd22b24e12378d4bbafd9cc0c8e0ed391d,2026-09-11T06:06:15.491605+00:00,results/shard_06
cnn_lstm_cfg_05_seed29,cnn_lstm,cfg_05,29,completed,1,runs/cnn_lstm_cfg_05_seed29/attempt_001,5561d94eb6d909bec6bcb8159590bf47ad58506d1849c4e99bcb0ae05d6f657c,2026-09-11T06:18:11.351942+00:00,results/shard_06
cnn_lstm_cfg_08_seed47,cnn_lstm,cfg_08,47,completed,1,runs/cnn_lstm_cfg_08_seed47/attempt_001,c7854fb92806533a5984aeda0b1da785019c0e1b1fb3f82e97905485ef8ae896,2026-09-11T06:37:25.463168+00:00,results/shard_06
cnn_lstm_cfg_12_seed11,cnn_lstm,cfg_12,11,completed,1,runs/cnn_lstm_cfg_12_seed11/attempt_001,0785e184797d5ab9f561528f6b0672a2dbf6ca144df7b9fd9742a66737ae10bb,2026-09-11T07:02:56.173814+00:00,results/shard_06
cnn_lstm_cfg_15_seed29,cnn_lstm,cfg_15,29,completed,1,runs/cnn_lstm_cfg_15_seed29/attempt_001,2e808889fa5203b1bd6a16ba4df153d21c5585e7009011254dab9a7e7339ae2a,2026-09-11T07:34:08.191798+00:00,results/shard_06
cnn_lstm_cfg_18_seed47,cnn_lstm,cfg_18,47,completed,1,runs/cnn_lstm_cfg_18_seed47/attempt_001,5cb5bb2c503abefd2c42c36013f1cd4e43fc038fd9d9a465817bb5591bd24cc4,2026-09-11T11:36:11.679600+00:00,results/shard_06
cnn_lstm_cfg_22_seed11,cnn_lstm,cfg_22,11,completed,1,runs/cnn_lstm_cfg_22_seed11/attempt_001,8bb541a2c2bf35afe34b993d39746f84b33447afa6293d6342d162744a85772d,2026-09-11T11:43:11.603635+00:00,results/shard_06
cnn_lstm_cfg_25_seed29,cnn_lstm,cfg_25,29,completed,1,runs/cnn_lstm_cfg_25_seed29/attempt_001,64efeecab78a270f322f95849756bab9eab767530a7417290c1d18ce121c9ba6,2026-09-11T11:54:52.049532+00:00,results/shard_06
cnn_lstm_cfg_28_seed47,cnn_lstm,cfg_28,47,completed,1,runs/cnn_lstm_cfg_28_seed47/attempt_001,e48ba1df4941f09d9dbc0a1828b0e8df8d9a39e52b81e989bb2d7068e7ea5e0a,2026-09-11T12:30:31.602140+00:00,results/shard_06
transformer_cfg_02_seed11,transformer,cfg_02,11,completed,1,runs/transformer_cfg_02_seed11/attempt_001,20e48a2ab13fa1ba6236d532782fd8bbb0047cdd092d742e2c671e9b7d880673,2026-09-11T13:30:58.921796+00:00,results/shard_06
transformer_cfg_05_seed29,transformer,cfg_05,29,completed,1,runs/transformer_cfg_05_seed29/attempt_001,6af4e02e50b85e488211b4d364b028e5584c09e4bbca501191fdce64eb7a1c10,2026-09-11T14:02:15.157689+00:00,results/shard_06
transformer_cfg_08_seed47,transformer,cfg_08,47,completed,1,runs/transformer_cfg_08_seed47/attempt_001,9260df04c6448e2803acb1735b4b959b1d22f8341d8db8e08d421cdf9e67ce3d,2026-09-11T15:05:20.947058+00:00,results/shard_06
transformer_cfg_12_seed11,transformer,cfg_12,11,completed,1,runs/transformer_cfg_12_seed11/attempt_001,157d89be0a28f0b38e51185108f2c610224c43da643330e8b073bd9b3744619c,2026-09-11T15:23:23.344366+00:00,results/shard_06
transformer_cfg_15_seed29,transformer,cfg_15,29,completed,1,runs/transformer_cfg_15_seed29/attempt_001,12458fd66a59c67262aa239319ad7623adca6dc6c526fd1c0f9233deacfa7187,2026-09-11T15:32:25.747055+00:00,results/shard_06
transformer_cfg_18_seed47,transformer,cfg_18,47,completed,1,runs/transformer_cfg_18_seed47/attempt_001,7f8195ff3ef02fa636dd24d05715529f8eeba9ff568fe2f2ba0734a2f5d5cabb,2026-09-11T15:57:50.492230+00:00,results/shard_06
transformer_cfg_22_seed11,transformer,cfg_22,11,completed,1,runs/transformer_cfg_22_seed11/attempt_001,2a459865a27869c304e247cc0eb18c28e1358b81b183c24d0b498e2e4b6e0586,2026-09-11T16:40:19.809415+00:00,results/shard_06
transformer_cfg_25_seed29,transformer,cfg_25,29,completed,1,runs/transformer_cfg_25_seed29/attempt_001,58130415baa34b696bdf83752f338e4d4e4cd2419a18a45b09f9842c4a06c024,2026-09-11T17:23:25.531445+00:00,results/shard_06
transformer_cfg_28_seed47,transformer,cfg_28,47,completed,1,runs/transformer_cfg_28_seed47/attempt_001,407354c88d68e2a537659d089959b327d89dbbc9f9ccd7af039eec94437a1012,2026-09-11T18:39:22.112770+00:00,results/shard_06
convtransformer_cfg_02_seed11,convtransformer,cfg_02,11,completed,1,runs/convtransformer_cfg_02_seed11/attempt_001,c08dc5e52072385f976e0a1b57cd294be3862603bcd871dd6d7177625c41236d,2026-09-11T19:08:18.635163+00:00,results/shard_06
convtransformer_cfg_05_seed29,convtransformer,cfg_05,29,completed,1,runs/convtransformer_cfg_05_seed29/attempt_001,0b6215e69f7fe1b9a6a0df3616ab9fc1ad86451481bfe0d5f0d9417568c193b2,2026-09-11T19:41:00.369104+00:00,results/shard_06
convtransformer_cfg_08_seed47,convtransformer,cfg_08,47,completed,1,runs/convtransformer_cfg_08_seed47/attempt_001,ac10a7f3b4453898dbddb216c41505e90aa85258daf9f7f6907373fb649852ac,2026-09-11T20:26:52.649032+00:00,results/shard_06
convtransformer_cfg_12_seed11,convtransformer,cfg_12,11,completed,1,runs/convtransformer_cfg_12_seed11/attempt_001,5777208c2ce54b87dd475581522c6257db42630838e3d22a1fc57691cc6f61e7,2026-09-11T21:17:50.930156+00:00,results/shard_06
convtransformer_cfg_15_seed29,convtransformer,cfg_15,29,completed,1,runs/convtransformer_cfg_15_seed29/attempt_001,af7028f3ac11cac2f57aba23bb6d2a2669883e87d49ec82b6c6b0f3df5422316,2026-09-11T21:33:58.841600+00:00,results/shard_06
convtransformer_cfg_18_seed47,convtransformer,cfg_18,47,completed,1,runs/convtransformer_cfg_18_seed47/attempt_001,56b5198e43d4ca3474d6a0943082b7a916422936c44b3b0fabe20375719ef9ea,2026-09-11T22:18:42.380153+00:00,results/shard_06
convtransformer_cfg_22_seed11,convtransformer,cfg_22,11,completed,1,runs/convtransformer_cfg_22_seed11/attempt_001,39dc5541cfdacc75851a4edef55701866227b1b63e444cd63cfc7ddedc00df79,2026-09-11T23:00:35.006161+00:00,results/shard_06
convtransformer_cfg_25_seed29,convtransformer,cfg_25,29,completed,1,runs/convtransformer_cfg_25_seed29/attempt_001,f161b070daf5816a0d581203c0e2f3243f5016a11ad191911a87bb1a2b98906e,2026-09-11T23:12:11.707985+00:00,results/shard_06
convtransformer_cfg_28_seed47,convtransformer,cfg_28,47,completed,1,runs/convtransformer_cfg_28_seed47/attempt_001,36e50cb38936c8003cadb8062c791b7b7bd595041b7b7d08d77ce6c388dbbd3b,2026-09-12T00:51:05.106762+00:00,results/shard_06
lstm_cfg_02_seed11,lstm,cfg_02,11,completed,1,runs/lstm_cfg_02_seed11/attempt_001,72936a96d289b54c52327185cc0b469f52ce702987984c5d3289b6879dc08f3e,2026-09-12T01:03:59.349361+00:00,results/shard_06
lstm_cfg_05_seed29,lstm,cfg_05,29,completed,1,runs/lstm_cfg_05_seed29/attempt_001,42a487e08dfcd765ef5efbe3357d4bc1f12e13ae5208d772cff5860b1e435e7f,2026-09-12T01:28:35.583764+00:00,results/shard_06
lstm_cfg_08_seed47,lstm,cfg_08,47,completed,1,runs/lstm_cfg_08_seed47/attempt_001,722ebc8dd0d10b0e6aae56ca9c925b4401fc62f0b8b6a2b40d82449472643a9c,2026-09-12T01:42:31.576722+00:00,results/shard_06
lstm_cfg_12_seed11,lstm,cfg_12,11,completed,1,runs/lstm_cfg_12_seed11/attempt_001,3ae68b95e6c107636dfb9e2596d8195d979ab8ccf872eca6b4e3d92ec4fec041,2026-09-12T02:03:47.108412+00:00,results/shard_06
lstm_cfg_15_seed29,lstm,cfg_15,29,completed,1,runs/lstm_cfg_15_seed29/attempt_001,42c8a867f082f8de844d465a1e94d661394fde863e80e84b0c09df8992828f8f,2026-09-12T02:21:02.023503+00:00,results/shard_06
lstm_cfg_18_seed47,lstm,cfg_18,47,completed,1,runs/lstm_cfg_18_seed47/attempt_001,bf272e33e238a476bc8d233f5b102a3adca5a61d3923751753d9d3661cb5e2a3,2026-09-12T04:31:58.884594+00:00,results/shard_06
lstm_cfg_22_seed11,lstm,cfg_22,11,completed,1,runs/lstm_cfg_22_seed11/attempt_001,6660ef399a500be4001ff3fbe87612a2147e24f488411a1df9bb66673096df0f,2026-09-12T04:44:04.575667+00:00,results/shard_06
lstm_cfg_25_seed29,lstm,cfg_25,29,completed,1,runs/lstm_cfg_25_seed29/attempt_001,b6c8f0b13a687bb57cb3cefacb1e455e7c432d705c2682790a3e65688ce54dd4,2026-09-12T05:00:22.506719+00:00,results/shard_06
lstm_cfg_28_seed47,lstm,cfg_28,47,completed,1,runs/lstm_cfg_28_seed47/attempt_001,0af4877262776de9a95ce190a362f757ed716a1dbf59cec239b5f0b713f6ac86,2026-09-12T05:24:02.353570+00:00,results/shard_06
xlstm_cfg_02_seed11,xlstm,cfg_02,11,completed,1,runs/xlstm_cfg_02_seed11/attempt_001,9502e67954dff4cd7e10da6061340c02077cf3024e35862c22702f67da404057,2026-09-12T11:24:36.575380+00:00,results/shard_06
xlstm_cfg_05_seed29,xlstm,cfg_05,29,completed,1,runs/xlstm_cfg_05_seed29/attempt_001,40bb40259a9788a76afe166a4b73faf5f3bc91d1e357936c45fec38f530340db,2026-09-12T14:34:01.730079+00:00,results/shard_06
xlstm_cfg_08_seed47,xlstm,cfg_08,47,completed,1,runs/xlstm_cfg_08_seed47/attempt_001,5d6e4d2b30e3e3ef50ef150a27b2a46b62ee938b4a00c85065f6046ea0788ff9,2026-09-12T22:27:52.708584+00:00,results/shard_06
xlstm_cfg_12_seed11,xlstm,cfg_12,11,completed,1,runs/xlstm_cfg_12_seed11/attempt_001,5b89a26686d04c59df527f2ef2b05776b445ed359cc9f77bd3155aaf9ff131ab,2026-09-13T05:05:29.606249+00:00,results/shard_06
xlstm_cfg_15_seed29,xlstm,cfg_15,29,completed,1,runs/xlstm_cfg_15_seed29/attempt_001,361e1eac3741b7fb0fb263569839de57906c322bd15e001322c3757ca865708c,2026-09-13T17:19:40.467407+00:00,results/shard_06
xlstm_cfg_18_seed47,xlstm,cfg_18,47,completed,1,runs/xlstm_cfg_18_seed47/attempt_001,2b9084117c27533bc4ee9c801435fc9e889deb3160bedf5024114c5f3ceb5e2f,2026-09-13T23:18:49.443963+00:00,results/shard_06
xlstm_cfg_22_seed11,xlstm,cfg_22,11,completed,1,runs/xlstm_cfg_22_seed11/attempt_001,3688b82e91946318e96d207ca7031ca6133c379b5f03794c1267f2f0637a726b,2026-09-14T02:00:16.815236+00:00,results/shard_06
xlstm_cfg_25_seed29,xlstm,cfg_25,29,completed,1,runs/xlstm_cfg_25_seed29/attempt_001,7dc6e3773e98520be6c3ad1f0fa5a226cb06c8275f99ffdc3fa1695e049f3b59,2026-09-14T04:17:37.268949+00:00,results/shard_06
xlstm_cfg_28_seed47,xlstm,cfg_28,47,completed,1,runs/xlstm_cfg_28_seed47/attempt_001,7445ed90352a92f34bfca1f072763464e7d8b668d20893a833655906a7e662ca,2026-09-14T14:37:35.091750+00:00,results/shard_06
cnn_lstm_cfg_02_seed29,cnn_lstm,cfg_02,29,completed,1,runs/cnn_lstm_cfg_02_seed29/attempt_001,d96bfd257dcae52fe29ee9045657313800b04ffbb0467e34e93c830033950f6d,2026-09-11T06:00:11.843048+00:00,results/shard_07
cnn_lstm_cfg_05_seed47,cnn_lstm,cfg_05,47,completed,1,runs/cnn_lstm_cfg_05_seed47/attempt_001,03380668e31d8a19e09fab7cc7c909d62f686ca7e8c60b80f27762ba23f7251d,2026-09-11T06:10:19.518480+00:00,results/shard_07
cnn_lstm_cfg_09_seed11,cnn_lstm,cfg_09,11,completed,1,runs/cnn_lstm_cfg_09_seed11/attempt_001,5c036e553d8bee8353684ec8c9a1e33bd98d03be4893e488903f7aa1427a92a1,2026-09-11T06:40:41.879613+00:00,results/shard_07
cnn_lstm_cfg_12_seed29,cnn_lstm,cfg_12,29,completed,1,runs/cnn_lstm_cfg_12_seed29/attempt_001,e6a736057609836543c0b580275cba7012505c951e86bd511a8fce38e4cfbf5d,2026-09-11T07:03:24.331416+00:00,results/shard_07
cnn_lstm_cfg_15_seed47,cnn_lstm,cfg_15,47,completed,1,runs/cnn_lstm_cfg_15_seed47/attempt_001,c8c386fc252b0ea6673d3e5c0a4f9bb1e6b2ca7efee87fca66ba662f4df692fd,2026-09-11T07:24:59.225045+00:00,results/shard_07
cnn_lstm_cfg_19_seed11,cnn_lstm,cfg_19,11,completed,1,runs/cnn_lstm_cfg_19_seed11/attempt_001,8e86267474da23e0215cae02522a77279f66a673a9e5d05a3ee1739c8688ebab,2026-09-11T11:37:07.560535+00:00,results/shard_07
cnn_lstm_cfg_22_seed29,cnn_lstm,cfg_22,29,completed,1,runs/cnn_lstm_cfg_22_seed29/attempt_001,f955eed0336c47fee19ceb63a909386938fff40dfaa94a6e6a9e2563d63b84cb,2026-09-11T11:45:03.715292+00:00,results/shard_07
cnn_lstm_cfg_25_seed47,cnn_lstm,cfg_25,47,completed,1,runs/cnn_lstm_cfg_25_seed47/attempt_001,97e55b77bab30fc359932bdf61f7e16ee6ac64448294dcb03ae8d256adbf7fb1,2026-09-11T11:56:35.771710+00:00,results/shard_07
cnn_lstm_cfg_29_seed11,cnn_lstm,cfg_29,11,completed,1,runs/cnn_lstm_cfg_29_seed11/attempt_001,4b370e0d2178ad6538f1cff607724fbeeec31204257ae75531e741e078238829,2026-09-11T12:05:09.268652+00:00,results/shard_07
transformer_cfg_02_seed29,transformer,cfg_02,29,completed,1,runs/transformer_cfg_02_seed29/attempt_001,a626ff497fe5742973d8c11a15c680eb935a6db24fd3adb79cd9b3687389bf88,2026-09-11T13:07:34.522832+00:00,results/shard_07
transformer_cfg_05_seed47,transformer,cfg_05,47,completed,1,runs/transformer_cfg_05_seed47/attempt_001,6c7be89e303648a21863903c2f9092d671cacb95ffec1d22e3a635f9931d2cad,2026-09-11T13:54:01.008840+00:00,results/shard_07
transformer_cfg_09_seed11,transformer,cfg_09,11,completed,1,runs/transformer_cfg_09_seed11/attempt_001,4b66fe991528a39d9faf4519ca32d5069b4efe519108313b04c48ceda38129f4,2026-09-11T14:14:58.666894+00:00,results/shard_07
transformer_cfg_12_seed29,transformer,cfg_12,29,completed,1,runs/transformer_cfg_12_seed29/attempt_001,f256b27c20aa05d342d141ce372cb58c004b6657dd5307c5cb449a7729cb5dd8,2026-09-11T14:38:05.566559+00:00,results/shard_07
transformer_cfg_15_seed47,transformer,cfg_15,47,completed,1,runs/transformer_cfg_15_seed47/attempt_001,a3505a56af0ff01d8fe394b2a7891b101e3dfff2af2bb69def514c0dc3a21d20,2026-09-11T14:46:23.555180+00:00,results/shard_07
transformer_cfg_19_seed11,transformer,cfg_19,11,completed,1,runs/transformer_cfg_19_seed11/attempt_001,5ccdf6d9919096071462d550428233dd99da6144988c0f66b196bb999adf3b4a,2026-09-11T14:55:34.031835+00:00,results/shard_07
transformer_cfg_22_seed29,transformer,cfg_22,29,completed,1,runs/transformer_cfg_22_seed29/attempt_001,b8000ad26aafc0a7b43384388768cfc3c9ebbe06cc2852bd58bf5d2920ba4394,2026-09-11T15:36:45.791171+00:00,results/shard_07
transformer_cfg_25_seed47,transformer,cfg_25,47,completed,1,runs/transformer_cfg_25_seed47/attempt_001,a1c33608dc6809d20bf9e5c4c192b9d1f3bfa1136197378261c8f3ecd9c8756c,2026-09-11T16:18:43.113740+00:00,results/shard_07
transformer_cfg_29_seed11,transformer,cfg_29,11,completed,1,runs/transformer_cfg_29_seed11/attempt_001,4d67245fbe4bfe9b65d6cf79d22bce928e2cfd9565017d96c1222c7ebf7a0b84,2026-09-11T16:43:05.389758+00:00,results/shard_07
convtransformer_cfg_02_seed29,convtransformer,cfg_02,29,completed,1,runs/convtransformer_cfg_02_seed29/attempt_001,afbb6dde1f1435afd67f820d279971e7025be9f01ccb29cff5da8242bd7823af,2026-09-11T17:08:31.311061+00:00,results/shard_07
convtransformer_cfg_05_seed47,convtransformer,cfg_05,47,completed,1,runs/convtransformer_cfg_05_seed47/attempt_001,77c95e52f5c6c54667b0f3d950c1bc022fe9cfe51346748a1df37e7a8b828ab0,2026-09-11T17:38:35.476488+00:00,results/shard_07
convtransformer_cfg_09_seed11,convtransformer,cfg_09,11,completed,1,runs/convtransformer_cfg_09_seed11/attempt_001,903d029446d7b65b1a69f65d3a4717b90e29d8fd7fe942c1a8768e888400494f,2026-09-11T18:19:12.783825+00:00,results/shard_07
convtransformer_cfg_12_seed29,convtransformer,cfg_12,29,completed,1,runs/convtransformer_cfg_12_seed29/attempt_001,f36455da887d67f5d70bfb2fcc12245ee458a1545633fa5eec72013c41a2d637,2026-09-11T19:11:53.488186+00:00,results/shard_07
convtransformer_cfg_15_seed47,convtransformer,cfg_15,47,completed,1,runs/convtransformer_cfg_15_seed47/attempt_001,df6d270be3612a7f7276020ecccefb5838a7cd6fbd65191d1ccdf938d127ded1,2026-09-11T19:27:23.820609+00:00,results/shard_07
convtransformer_cfg_19_seed11,convtransformer,cfg_19,11,completed,1,runs/convtransformer_cfg_19_seed11/attempt_001,cce041e0574a4c8f6959683dc9dd8ba793a06ca229d99894d0e07cd215d56d15,2026-09-11T19:37:45.160785+00:00,results/shard_07
convtransformer_cfg_22_seed29,convtransformer,cfg_22,29,completed,1,runs/convtransformer_cfg_22_seed29/attempt_001,10ed6b8f0c4baf7cb280099979b02e99e5ac277cb38f6cf87704ad43eba503e2,2026-09-11T20:09:49.948948+00:00,results/shard_07
convtransformer_cfg_25_seed47,convtransformer,cfg_25,47,completed,1,runs/convtransformer_cfg_25_seed47/attempt_001,93303370ce0f5e1f7461d6ac0a4e7692b008d55b788b9fd7e8ef06a31b54fce9,2026-09-11T20:23:38.170327+00:00,results/shard_07
convtransformer_cfg_29_seed11,convtransformer,cfg_29,11,completed,1,runs/convtransformer_cfg_29_seed11/attempt_001,c06872a3bc72657259c4db3f0b975a600c5fb4669722bd34da0f5718d79319e2,2026-09-11T20:45:51.120083+00:00,results/shard_07
lstm_cfg_02_seed29,lstm,cfg_02,29,completed,1,runs/lstm_cfg_02_seed29/attempt_001,53e18a7358bf91e22363bb2d4c00d08e42b86887064817412a032c812487454c,2026-09-11T20:59:10.213931+00:00,results/shard_07
lstm_cfg_05_seed47,lstm,cfg_05,47,completed,1,runs/lstm_cfg_05_seed47/attempt_001,009d9a5e75e9e8195fa25f175230a2b44700a8d4a575fb3ccd51a6b58450f9db,2026-09-11T21:17:54.141851+00:00,results/shard_07
lstm_cfg_09_seed11,lstm,cfg_09,11,completed,1,runs/lstm_cfg_09_seed11/attempt_001,abd5d86bd3de185ddb59d6e00773eaad3dccca3d62169ef3bc48ea020426dd8f,2026-09-11T21:30:30.778727+00:00,results/shard_07
lstm_cfg_12_seed29,lstm,cfg_12,29,completed,1,runs/lstm_cfg_12_seed29/attempt_001,f1091f0f546b1defb083ff2937729fcb340ff44002289f8d30ca807fb03196a9,2026-09-11T21:50:12.032601+00:00,results/shard_07
lstm_cfg_15_seed47,lstm,cfg_15,47,completed,1,runs/lstm_cfg_15_seed47/attempt_001,078651c32d621ddccd619a987fbdc37816e4d1ad1cc62d15a8ac0077ed990192,2026-09-11T22:45:18.739600+00:00,results/shard_07
lstm_cfg_19_seed11,lstm,cfg_19,11,completed,1,runs/lstm_cfg_19_seed11/attempt_001,0aa984e32cd3c56e3727bc8643774564c27ed1170a8f3a056fa8ac93bcfdf799,2026-09-11T22:52:29.516063+00:00,results/shard_07
lstm_cfg_22_seed29,lstm,cfg_22,29,completed,1,runs/lstm_cfg_22_seed29/attempt_001,4895e7809b9cb81a9ce3a378a5658060110a51c3ab375a7cc2a732e92c01682d,2026-09-11T23:09:16.213310+00:00,results/shard_07
lstm_cfg_25_seed47,lstm,cfg_25,47,completed,1,runs/lstm_cfg_25_seed47/attempt_001,3378adf14107d668994f1b48446cd138eed91b395d095ca0faabd28e69c8ac76,2026-09-11T23:25:20.216489+00:00,results/shard_07
lstm_cfg_29_seed11,lstm,cfg_29,11,completed,1,runs/lstm_cfg_29_seed11/attempt_001,6ac2c8c104b1fb49b56e4224ffc4a91b52860e56f00c812f3bba1b125a8e82af,2026-09-11T23:31:14.675881+00:00,results/shard_07
xlstm_cfg_02_seed29,xlstm,cfg_02,29,completed,1,runs/xlstm_cfg_02_seed29/attempt_001,9a391adc8c79f05e4e636d910b0431735f7e59f0107aab5435da79ce3b6a32c9,2026-09-12T03:54:01.255010+00:00,results/shard_07
xlstm_cfg_05_seed47,xlstm,cfg_05,47,completed,1,runs/xlstm_cfg_05_seed47/attempt_001,200d787c86da82fe27b471e0435a3264471fe18e6f7bdbb36ca6232f53b382d7,2026-09-12T07:07:32.846507+00:00,results/shard_07
xlstm_cfg_09_seed11,xlstm,cfg_09,11,completed,1,runs/xlstm_cfg_09_seed11/attempt_001,9cea9bdf98e6cc378bea2b06ea5b85bc1f508218d3feae87cdd72b87ff6d3938,2026-09-12T13:42:23.777936+00:00,results/shard_07
xlstm_cfg_12_seed29,xlstm,cfg_12,29,completed,1,runs/xlstm_cfg_12_seed29/attempt_001,450c6235fa312f8708fe986b2a205be9ea2cf1143b39a9a3c07d4d5cb12adf75,2026-09-12T19:49:17.795089+00:00,results/shard_07
xlstm_cfg_15_seed47,xlstm,cfg_15,47,completed,1,runs/xlstm_cfg_15_seed47/attempt_001,3081248b01c8f503b8bc5e1db1bd73075ab0b12ca6005e08e3db840a186e6a1e,2026-09-12T22:52:16.164699+00:00,results/shard_07
xlstm_cfg_19_seed11,xlstm,cfg_19,11,completed,1,runs/xlstm_cfg_19_seed11/attempt_001,44e555b2f293e532246ac4800d1a77d0a36be9d045d2db3ef886e1368e36b83a,2026-09-13T04:17:00.618869+00:00,results/shard_07
xlstm_cfg_22_seed29,xlstm,cfg_22,29,completed,1,runs/xlstm_cfg_22_seed29/attempt_001,86d5d7c35902f95723261cd820bee610a9608aff45844400abe1d632062f689a,2026-09-13T13:30:20.575141+00:00,results/shard_07
xlstm_cfg_25_seed47,xlstm,cfg_25,47,completed,1,runs/xlstm_cfg_25_seed47/attempt_001,9d89d1cc4ab132da3fe4f5253238a89aaefacbb92c6f10af7932b9e43d34e753,2026-09-13T15:45:20.871923+00:00,results/shard_07
xlstm_cfg_29_seed11,xlstm,cfg_29,11,completed,1,runs/xlstm_cfg_29_seed11/attempt_001,48fc46d925ac48e980e7662f5e6e1ecc246df686e799f8583067cd03d3e4d0d3,2026-09-13T16:34:57.018447+00:00,results/shard_07
cnn_lstm_cfg_02_seed47,cnn_lstm,cfg_02,47,completed,1,runs/cnn_lstm_cfg_02_seed47/attempt_001,be6734431286694457ab5183c899d19a45dd1f298627af498aa26c399e92da36,2026-09-11T06:15:45.106692+00:00,results/shard_08
cnn_lstm_cfg_06_seed11,cnn_lstm,cfg_06,11,completed,1,runs/cnn_lstm_cfg_06_seed11/attempt_001,c4c3ec7ad7a49d9a9b1b0875f2ac915cf9868b4644a8d33870210028aac9a80e,2026-09-11T06:29:48.916167+00:00,results/shard_08
cnn_lstm_cfg_09_seed29,cnn_lstm,cfg_09,29,completed,1,runs/cnn_lstm_cfg_09_seed29/attempt_001,3a02bc5a9e4c3231aba1c520b36a9f37cbf65ff21f7663fb3734714f994d67dc,2026-09-11T07:00:51.053859+00:00,results/shard_08
cnn_lstm_cfg_12_seed47,cnn_lstm,cfg_12,47,completed,1,runs/cnn_lstm_cfg_12_seed47/attempt_001,14d527b4021c44981c34ec3aaa840efd3daca8ab443f01be14bc86bcb7bf2e5b,2026-09-11T07:25:52.930143+00:00,results/shard_08
cnn_lstm_cfg_16_seed11,cnn_lstm,cfg_16,11,completed,1,runs/cnn_lstm_cfg_16_seed11/attempt_001,ed193fc32f6cde553b621fa47b8a463f39bfa9422cdc97bdc26f9bcb824a7b03,2026-09-11T11:26:58.149803+00:00,results/shard_08
cnn_lstm_cfg_19_seed29,cnn_lstm,cfg_19,29,completed,1,runs/cnn_lstm_cfg_19_seed29/attempt_001,0a134fdbb467b99ce52347507167171233229670b22d17ed590d3d4a295da07a,2026-09-11T11:43:16.233701+00:00,results/shard_08
cnn_lstm_cfg_22_seed47,cnn_lstm,cfg_22,47,completed,1,runs/cnn_lstm_cfg_22_seed47/attempt_001,961e460f546dd8fb73f1ef306e1e98beac81cddbfe8559d2c8e2f358cbd0480f,2026-09-11T11:54:04.536372+00:00,results/shard_08
cnn_lstm_cfg_26_seed11,cnn_lstm,cfg_26,11,completed,1,runs/cnn_lstm_cfg_26_seed11/attempt_001,404a6a7291ad9cea56f942c73a193fbfa7924f6edeac6815a5994e92cfae3925,2026-09-11T12:06:44.920510+00:00,results/shard_08
cnn_lstm_cfg_29_seed29,cnn_lstm,cfg_29,29,completed,1,runs/cnn_lstm_cfg_29_seed29/attempt_001,5958dd678c26adc059ac86effe9ffab201d50d9581a7a9be02ce759fb2782677,2026-09-11T12:13:59.825333+00:00,results/shard_08
transformer_cfg_02_seed47,transformer,cfg_02,47,completed,1,runs/transformer_cfg_02_seed47/attempt_001,a1a9fa7e2dd5d1f49695c65ffefa3b4f3e1231d6597235269a2bfa408253e58b,2026-09-11T13:22:29.271686+00:00,results/shard_08
transformer_cfg_06_seed11,transformer,cfg_06,11,completed,1,runs/transformer_cfg_06_seed11/attempt_001,606c086b513046a5846c52a34709d74bc5a5cdd34e0e94733c2aca4f3fbfef07,2026-09-11T14:02:15.690823+00:00,results/shard_08
transformer_cfg_09_seed29,transformer,cfg_09,29,completed,1,runs/transformer_cfg_09_seed29/attempt_001,f93c76bf61b7c4d3748a970ec5c8524ed374955defa02f2b55e617fb2197ac50,2026-09-11T14:48:42.042029+00:00,results/shard_08
transformer_cfg_12_seed47,transformer,cfg_12,47,completed,1,runs/transformer_cfg_12_seed47/attempt_001,09042ce8f3f6f1a42349e8b86f10fd192d3fd16e5b980a557ce215db5e704bb6,2026-09-11T15:09:10.165490+00:00,results/shard_08
transformer_cfg_16_seed11,transformer,cfg_16,11,completed,1,runs/transformer_cfg_16_seed11/attempt_001,b15adcdad256fe6ab1d020baec6d6977d9c15348b55d7c476dd47b815c583e80,2026-09-11T15:29:08.788625+00:00,results/shard_08
transformer_cfg_19_seed29,transformer,cfg_19,29,completed,1,runs/transformer_cfg_19_seed29/attempt_001,8c21be111296e3d79a047c60c3290af9ce1f6ff238a55d79b93493693dcf44f8,2026-09-11T15:38:28.505355+00:00,results/shard_08
transformer_cfg_22_seed47,transformer,cfg_22,47,completed,1,runs/transformer_cfg_22_seed47/attempt_001,e44b498d09fcde788dbe5f30316b529f0f780d166e819c1c874563aa18b8c050,2026-09-11T16:19:40.524717+00:00,results/shard_08
transformer_cfg_26_seed11,transformer,cfg_26,11,completed,1,runs/transformer_cfg_26_seed11/attempt_001,4b1756440e81837ff7b9d2b0cb815e1bfdd953925457f3d892ca46dcfa0453e6,2026-09-11T16:35:40.719484+00:00,results/shard_08
transformer_cfg_29_seed29,transformer,cfg_29,29,completed,1,runs/transformer_cfg_29_seed29/attempt_001,8e0166da638ce1792a07cdca4a08d4d370d863b258a4a525cd48c553871585aa,2026-09-11T16:56:55.840710+00:00,results/shard_08
convtransformer_cfg_02_seed47,convtransformer,cfg_02,47,completed,1,runs/convtransformer_cfg_02_seed47/attempt_001,1475d51603068de392285304c1b2efe7006c0d60254440ab44a1d58e5e7b077b,2026-09-11T17:10:28.448741+00:00,results/shard_08
convtransformer_cfg_06_seed11,convtransformer,cfg_06,11,completed,1,runs/convtransformer_cfg_06_seed11/attempt_001,c89a7be049d8f046dde5b83c4853410b5438d5f8dca7b7c91f99208a4f48279a,2026-09-11T17:40:35.396520+00:00,results/shard_08
convtransformer_cfg_09_seed29,convtransformer,cfg_09,29,completed,1,runs/convtransformer_cfg_09_seed29/attempt_001,d4c0679fffaa62692809859c1dc52415592c11ea2d4ba64e0c924bec38120cb5,2026-09-11T18:32:29.957096+00:00,results/shard_08
convtransformer_cfg_12_seed47,convtransformer,cfg_12,47,completed,1,runs/convtransformer_cfg_12_seed47/attempt_001,c5fa41236b2306617c3a9842a710bf693981fbed95e41156b5e9751e2127b1f6,2026-09-11T19:21:20.149482+00:00,results/shard_08
convtransformer_cfg_16_seed11,convtransformer,cfg_16,11,completed,1,runs/convtransformer_cfg_16_seed11/attempt_001,c79339c0a126b30d7df1ebeabcc8f828eb751874c71683a14b72bf08ac80e735,2026-09-11T19:31:21.982682+00:00,results/shard_08
convtransformer_cfg_19_seed29,convtransformer,cfg_19,29,completed,1,runs/convtransformer_cfg_19_seed29/attempt_001,47f15887ea71ea7965a88b1cbea1bef2a52b6cfc6a97947b4a8a07534f89a392,2026-09-11T19:41:32.280325+00:00,results/shard_08
convtransformer_cfg_22_seed47,convtransformer,cfg_22,47,completed,1,runs/convtransformer_cfg_22_seed47/attempt_001,f94a593da3844d2a8f56adf6bcedaa99d33079ee0d6151d123befd1302320b45,2026-09-11T20:03:43.570106+00:00,results/shard_08
convtransformer_cfg_26_seed11,convtransformer,cfg_26,11,completed,1,runs/convtransformer_cfg_26_seed11/attempt_001,d8cc7b6f4bf5a1059543e0b08467f45a047f748cc471fe1270d47db306b86b55,2026-09-11T20:51:56.385032+00:00,results/shard_08
convtransformer_cfg_29_seed29,convtransformer,cfg_29,29,completed,1,runs/convtransformer_cfg_29_seed29/attempt_001,0c10a4073df25bfd7b114e1394e8609a4832abac01003d3512e29cdaa2c0f00e,2026-09-11T21:19:39.814541+00:00,results/shard_08
lstm_cfg_02_seed47,lstm,cfg_02,47,completed,1,runs/lstm_cfg_02_seed47/attempt_001,06c3ec89f3e023caa927dfdaa72a5fb32eda0598c985c75838e9271104dbc106,2026-09-11T21:34:54.478936+00:00,results/shard_08
lstm_cfg_06_seed11,lstm,cfg_06,11,completed,1,runs/lstm_cfg_06_seed11/attempt_001,e2b3de82c221ed837f99e05331cf28118a879e578564b4bd66768aa452e0d990,2026-09-11T21:54:28.414611+00:00,results/shard_08
lstm_cfg_09_seed29,lstm,cfg_09,29,completed,1,runs/lstm_cfg_09_seed29/attempt_001,94ccc960edf324f1bd7c80771d793a775711ac83de7465dfc130491a06a1a1d2,2026-09-11T22:46:24.190879+00:00,results/shard_08
lstm_cfg_12_seed47,lstm,cfg_12,47,completed,1,runs/lstm_cfg_12_seed47/attempt_001,50f46a42073dcaf117f1250f2b4f6bd9690af8a1645465fa245d8fb9535a45c1,2026-09-11T23:12:54.657709+00:00,results/shard_08
lstm_cfg_16_seed11,lstm,cfg_16,11,completed,1,runs/lstm_cfg_16_seed11/attempt_001,4a4d0522081cc78425332d18f96a6e78684cadf8145adcb16b4eef7d71cb1836,2026-09-11T23:23:31.817073+00:00,results/shard_08
lstm_cfg_19_seed29,lstm,cfg_19,29,completed,1,runs/lstm_cfg_19_seed29/attempt_001,b77a80739079e32ee29465d45bfc884bcb76faef235521c588628e145be9a40a,2026-09-11T23:32:27.750863+00:00,results/shard_08
lstm_cfg_22_seed47,lstm,cfg_22,47,completed,1,runs/lstm_cfg_22_seed47/attempt_001,4faae33bb1da798ceddf017232a580fffa266a568f6e6a9be7aa551a06950031,2026-09-11T23:48:32.703168+00:00,results/shard_08
lstm_cfg_26_seed11,lstm,cfg_26,11,completed,1,runs/lstm_cfg_26_seed11/attempt_001,f51cab9925c54b55932707bf2ccf0a02e900525f42e4fe8f84d00c39cbafd195,2026-09-12T00:10:44.470778+00:00,results/shard_08
lstm_cfg_29_seed29,lstm,cfg_29,29,completed,1,runs/lstm_cfg_29_seed29/attempt_001,14e6086e6ba5e058f72c796dac9006fc1c139db6ac1964ef6496c1b3fa88aa98,2026-09-12T00:17:39.344373+00:00,results/shard_08
xlstm_cfg_02_seed47,xlstm,cfg_02,47,completed,1,runs/xlstm_cfg_02_seed47/attempt_001,96a18232a546d867373290b6ad909e9f084906f2d6b8477c3b82fc3f3e3fba23,2026-09-12T05:29:59.318540+00:00,results/shard_08
xlstm_cfg_06_seed11,xlstm,cfg_06,11,completed,1,runs/xlstm_cfg_06_seed11/attempt_001,bbf717a15952b90fd33e205640e0bc02188be7efd1743b38dd82d12ca1f3e157,2026-09-12T07:04:25.941978+00:00,results/shard_08
xlstm_cfg_09_seed29,xlstm,cfg_09,29,completed,1,runs/xlstm_cfg_09_seed29/attempt_001,ced21c083ff54d89af3a10307c1608293f0db5bf38b290b45210f1820716db08,2026-09-12T17:27:06.377771+00:00,results/shard_08
xlstm_cfg_12_seed47,xlstm,cfg_12,47,completed,1,runs/xlstm_cfg_12_seed47/attempt_001,f6341586b56f8c602ccaff827d4cb4de739365a2a15924bf9b3ec06d4a68208d,2026-09-13T01:32:43.216270+00:00,results/shard_08
xlstm_cfg_16_seed11,xlstm,cfg_16,11,completed,1,runs/xlstm_cfg_16_seed11/attempt_001,abb8a758cea7c71007d8a066fd65c3df7f4abc3c595c3078418c6b40fc2125c4,2026-09-13T04:11:23.330998+00:00,results/shard_08
xlstm_cfg_19_seed29,xlstm,cfg_19,29,completed,1,runs/xlstm_cfg_19_seed29/attempt_001,13b025b5708a45f29654d34908719cb02ac6992853e6dac046eec29f07987e80,2026-09-13T10:45:53.917492+00:00,results/shard_08
xlstm_cfg_22_seed47,xlstm,cfg_22,47,completed,1,runs/xlstm_cfg_22_seed47/attempt_001,4f495fb16fbf58fcbda85e2a74940d9b0284922883d688bbd89db992205bd4ff,2026-09-13T16:55:09.720891+00:00,results/shard_08
xlstm_cfg_26_seed11,xlstm,cfg_26,11,completed,1,runs/xlstm_cfg_26_seed11/attempt_001,0d47af9891ec8779cda936104a359e9191c18680cef5e0a172f68c89da3aad3e,2026-09-14T03:40:18.793857+00:00,results/shard_08
xlstm_cfg_29_seed29,xlstm,cfg_29,29,completed,1,runs/xlstm_cfg_29_seed29/attempt_001,f1530d907e898dd87414d1fd5d996144cfece5d4855eb06cb8e2225b23a316ab,2026-09-14T04:18:40.874517+00:00,results/shard_08
cnn_lstm_cfg_03_seed11,cnn_lstm,cfg_03,11,completed,1,runs/cnn_lstm_cfg_03_seed11/attempt_001,e03c4750abcadbf6d56acecb87350c86f7bd0154b599d26aba37dc4f911772c7,2026-09-11T05:53:13.359876+00:00,results/shard_09
cnn_lstm_cfg_06_seed29,cnn_lstm,cfg_06,29,completed,1,runs/cnn_lstm_cfg_06_seed29/attempt_001,84caa05c2d88f31a8a2c8a5b172753d21262ae823f012995559a8e49e044d904,2026-09-11T06:05:38.208742+00:00,results/shard_09
cnn_lstm_cfg_09_seed47,cnn_lstm,cfg_09,47,completed,1,runs/cnn_lstm_cfg_09_seed47/attempt_001,0d937036555bbbb580b7b25fe51b13e7c9a9e00404af30ed967d8cf56d18470f,2026-09-11T06:30:16.259401+00:00,results/shard_09
cnn_lstm_cfg_13_seed11,cnn_lstm,cfg_13,11,completed,1,runs/cnn_lstm_cfg_13_seed11/attempt_001,f02c8f9ce77b627320a5af21e5910c6d0bb4433e165a4f30fdc77ca94e2de857,2026-09-11T06:47:01.173001+00:00,results/shard_09
cnn_lstm_cfg_16_seed29,cnn_lstm,cfg_16,29,completed,1,runs/cnn_lstm_cfg_16_seed29/attempt_001,4ac8563fe2b43fd8332ac285f60405475a0a91b5d6a02ba44af30614f0ca4798,2026-09-11T06:53:57.156690+00:00,results/shard_09
cnn_lstm_cfg_19_seed47,cnn_lstm,cfg_19,47,completed,1,runs/cnn_lstm_cfg_19_seed47/attempt_001,f8ba8f28229d23298662bd8c5eb39fe25132c48b4d56794378b525d91d0520e8,2026-09-11T07:13:08.935194+00:00,results/shard_09
cnn_lstm_cfg_23_seed11,cnn_lstm,cfg_23,11,completed,1,runs/cnn_lstm_cfg_23_seed11/attempt_001,430249a7a45877c97ebabc44212f8bcc633fb19e7c90ccf914fbd0f0fae276de,2026-09-11T07:34:15.090339+00:00,results/shard_09
cnn_lstm_cfg_26_seed29,cnn_lstm,cfg_26,29,completed,1,runs/cnn_lstm_cfg_26_seed29/attempt_001,45601f7bbc7f6bbec576dd3b4b1ff1468faded2aec17451b478b56bfee5f9d5d,2026-09-11T11:43:13.442582+00:00,results/shard_09
cnn_lstm_cfg_29_seed47,cnn_lstm,cfg_29,47,completed,1,runs/cnn_lstm_cfg_29_seed47/attempt_001,1395f5926f5107ec4eb9d27288bb34608c0cacefe9b78a9e3ac63b78b60486d1,2026-09-11T11:51:17.502797+00:00,results/shard_09
transformer_cfg_03_seed11,transformer,cfg_03,11,completed,1,runs/transformer_cfg_03_seed11/attempt_001,8c3e484a2030bd2d6d3d1fca91b0c0b783d917d8add1e6f2890bd13356abccb7,2026-09-11T12:19:02.386701+00:00,results/shard_09
transformer_cfg_06_seed29,transformer,cfg_06,29,completed,1,runs/transformer_cfg_06_seed29/attempt_001,319ed88299ea5a9e6fc1d59b4329475d3eba94ca6b2af816e439c6af1db60b82,2026-09-11T13:00:03.816279+00:00,results/shard_09
transformer_cfg_09_seed47,transformer,cfg_09,47,completed,1,runs/transformer_cfg_09_seed47/attempt_001,b8c180c50a6edd8dcc32e2f5969dc529c422504befa9ac5999bdc38196f1e350,2026-09-11T13:46:21.387982+00:00,results/shard_09
transformer_cfg_13_seed11,transformer,cfg_13,11,completed,1,runs/transformer_cfg_13_seed11/attempt_001,e760d5bf20500f475982e3bf915aa97a08ed78bfa9010503b1354aab355b7d59,2026-09-11T13:54:38.230610+00:00,results/shard_09
transformer_cfg_16_seed29,transformer,cfg_16,29,completed,1,runs/transformer_cfg_16_seed29/attempt_001,ce926d666cf627faa6a851e3fe472827da55b19a40208a476736de09df724871,2026-09-11T14:17:50.206792+00:00,results/shard_09
transformer_cfg_19_seed47,transformer,cfg_19,47,completed,1,runs/transformer_cfg_19_seed47/attempt_001,eccdabc9fdcbff2c948dd3462d6a3e46fd7ae818bb5816cf9d4f6cfc5582c712,2026-09-11T14:27:06.848717+00:00,results/shard_09
transformer_cfg_23_seed11,transformer,cfg_23,11,completed,1,runs/transformer_cfg_23_seed11/attempt_001,c743940f378086c33f193769bea6ab0b25a2de698040ed62301a0ae866257d28,2026-09-11T14:37:09.145153+00:00,results/shard_09
transformer_cfg_26_seed29,transformer,cfg_26,29,completed,1,runs/transformer_cfg_26_seed29/attempt_001,b46e9b3d16d05461afc42fb4d79e294e3c8a7af4fecb27196dfd2d90e7960aaa,2026-09-11T15:14:13.081085+00:00,results/shard_09
transformer_cfg_29_seed47,transformer,cfg_29,47,completed,1,runs/transformer_cfg_29_seed47/attempt_001,0c932997b64e6de5c6e3e14ec91aa7a3abf7abd0f4912e016aa7069c431d98d3,2026-09-11T15:37:39.774423+00:00,results/shard_09
convtransformer_cfg_03_seed11,convtransformer,cfg_03,11,completed,1,runs/convtransformer_cfg_03_seed11/attempt_001,a549ed629e9e620a30a73cb5d86c2ea920743ac869594e567a3222a257dc1fec,2026-09-11T16:28:21.681168+00:00,results/shard_09
convtransformer_cfg_06_seed29,convtransformer,cfg_06,29,completed,1,runs/convtransformer_cfg_06_seed29/attempt_001,1d8a9f99794e8d07f29d9e517b754ffed5f97034ba0438228b94571111796da1,2026-09-11T17:05:18.694510+00:00,results/shard_09
convtransformer_cfg_09_seed47,convtransformer,cfg_09,47,completed,1,runs/convtransformer_cfg_09_seed47/attempt_001,96287ff0e0d05197bba55f10760cb7ad0fedb9d5c94dcb1326bd97aa4e138c3c,2026-09-11T18:04:51.066729+00:00,results/shard_09
convtransformer_cfg_13_seed11,convtransformer,cfg_13,11,completed,1,runs/convtransformer_cfg_13_seed11/attempt_001,dd285f5b976edd53e2653fa62ed461d8b12ee187c2054141257f7a748e55297a,2026-09-11T18:14:12.089031+00:00,results/shard_09
convtransformer_cfg_16_seed29,convtransformer,cfg_16,29,completed,1,runs/convtransformer_cfg_16_seed29/attempt_001,c5606407443c10ecfd91d4ea9a15583a4e34d8377dca29cca63942376d507711,2026-09-11T18:26:51.738908+00:00,results/shard_09
convtransformer_cfg_19_seed47,convtransformer,cfg_19,47,completed,1,runs/convtransformer_cfg_19_seed47/attempt_001,bc0f2eb18b9100ed8ddfecd19274344cb201b365733c874434759818311d3db1,2026-09-11T18:37:38.962624+00:00,results/shard_09
convtransformer_cfg_23_seed11,convtransformer,cfg_23,11,completed,1,runs/convtransformer_cfg_23_seed11/attempt_001,4b4d75317040334537c10178aa36f1d58dcdc5c3da8175f49cacbfec0b067e45,2026-09-11T18:53:36.688856+00:00,results/shard_09
convtransformer_cfg_26_seed29,convtransformer,cfg_26,29,completed,1,runs/convtransformer_cfg_26_seed29/attempt_001,44b847206b2e3405db45655338fb99103279dcf767e63ac0044b01c42cc677a3,2026-09-11T19:40:16.660751+00:00,results/shard_09
convtransformer_cfg_29_seed47,convtransformer,cfg_29,47,completed,1,runs/convtransformer_cfg_29_seed47/attempt_001,513f5fa489f5e9fbf176ac53cf854364336672d6887e706ec49be82c10a03ac2,2026-09-11T20:03:26.872046+00:00,results/shard_09
lstm_cfg_03_seed11,lstm,cfg_03,11,completed,1,runs/lstm_cfg_03_seed11/attempt_001,9f61bb2ae3a2e9f2e62616a9d0ba755b23aff33cf4be4e5ef2f0d029ea7befbf,2026-09-11T21:13:41.837632+00:00,results/shard_09
lstm_cfg_06_seed29,lstm,cfg_06,29,completed,1,runs/lstm_cfg_06_seed29/attempt_001,a109573d9ec0e61fa39e7f695780a9a2b2d29d25808bce67a07bf7e92c97594f,2026-09-11T21:34:07.530902+00:00,results/shard_09
lstm_cfg_09_seed47,lstm,cfg_09,47,completed,1,runs/lstm_cfg_09_seed47/attempt_001,398a0a52fc76a4c9d78e3bb7e8aa3caf3630091bcafd8b1acc3ce7452e6d426d,2026-09-11T21:52:01.451416+00:00,results/shard_09
lstm_cfg_13_seed11,lstm,cfg_13,11,completed,1,runs/lstm_cfg_13_seed11/attempt_001,8454c48d8029c1ade08cb2aadb295d6e5d0f77fd6cdbe26dc549e197a070f412,2026-09-11T22:44:01.185065+00:00,results/shard_09
lstm_cfg_16_seed29,lstm,cfg_16,29,completed,1,runs/lstm_cfg_16_seed29/attempt_001,a156461145ccd3811eae59fec7110cbd84b0e496badfe590850de0fa81a03088,2026-09-11T22:52:38.534102+00:00,results/shard_09
lstm_cfg_19_seed47,lstm,cfg_19,47,completed,1,runs/lstm_cfg_19_seed47/attempt_001,bd6281f9b20db49ae8b5bc5bac004a6693f3961edd2627727080d7ee44ef14e9,2026-09-11T23:02:41.336488+00:00,results/shard_09
lstm_cfg_23_seed11,lstm,cfg_23,11,completed,1,runs/lstm_cfg_23_seed11/attempt_001,d581d25dfb1dff0acb6e179b41e20c4994cf7cf30b841fbbd2ec204c0e9cf323,2026-09-11T23:26:03.257586+00:00,results/shard_09
lstm_cfg_26_seed29,lstm,cfg_26,29,completed,1,runs/lstm_cfg_26_seed29/attempt_001,c3b26aaffbdbedea38217646eb2d2f8fd3955593677ac6482ce013383ecf8025,2026-09-11T23:49:12.309159+00:00,results/shard_09
lstm_cfg_29_seed47,lstm,cfg_29,47,completed,1,runs/lstm_cfg_29_seed47/attempt_001,848743a756635fb89b850287a0fb5d6ccaa8b54df7c3a93e1021f763388d0443,2026-09-11T23:53:21.956929+00:00,results/shard_09
xlstm_cfg_03_seed11,xlstm,cfg_03,11,completed,1,runs/xlstm_cfg_03_seed11/attempt_001,5db5cf8cae39042c90dcaf39fdb926685e59bb338027b35a0288e2b5daa2fcb4,2026-09-12T06:59:53.090902+00:00,results/shard_09
xlstm_cfg_06_seed29,xlstm,cfg_06,29,completed,1,runs/xlstm_cfg_06_seed29/attempt_001,395a0236ed556e86694e61518c559477b34e18693305be5618d6f3b0ba67dabb,2026-09-12T08:15:59.288872+00:00,results/shard_09
xlstm_cfg_09_seed47,xlstm,cfg_09,47,completed,1,runs/xlstm_cfg_09_seed47/attempt_001,d45c3fe457418d9c33d0c54b403192bd2053f422164d5600111deee0afa552b4,2026-09-12T19:56:41.654622+00:00,results/shard_09
xlstm_cfg_13_seed11,xlstm,cfg_13,11,completed,1,runs/xlstm_cfg_13_seed11/attempt_001,e74cc0f9242fec5adf2ea79303d585b11981eb5e800317818dcab7e3140ed514,2026-09-13T05:10:18.572152+00:00,results/shard_09
xlstm_cfg_16_seed29,xlstm,cfg_16,29,completed,1,runs/xlstm_cfg_16_seed29/attempt_001,ce6e82d01da87cb4b727dcae7a44f2a705612772f53d0ee5bfbba556d9e49c4b,2026-09-13T07:28:45.319605+00:00,results/shard_09
xlstm_cfg_19_seed47,xlstm,cfg_19,47,completed,1,runs/xlstm_cfg_19_seed47/attempt_001,0d2f702e6e074435ec0ec63bb5980a47d97fea06930809e61dd7503c2cfa736f,2026-09-13T12:58:10.316422+00:00,results/shard_09
xlstm_cfg_23_seed11,xlstm,cfg_23,11,completed,1,runs/xlstm_cfg_23_seed11/attempt_001,d83a7cd683cef39554fb6f4cffb89be572a700ed4b0b69546893083eecb73cff,2026-09-13T16:50:32.071825+00:00,results/shard_09
xlstm_cfg_26_seed29,xlstm,cfg_26,29,completed,1,runs/xlstm_cfg_26_seed29/attempt_001,6ca52db49fdf004aaf8230ee9651c11bb71b2861cfe7ecfe287bd234dcf24f69,2026-09-14T02:31:07.844568+00:00,results/shard_09
xlstm_cfg_29_seed47,xlstm,cfg_29,47,completed,1,runs/xlstm_cfg_29_seed47/attempt_001,14577a60215a6c8f1309f0bea36b442dbea279b13473a336bb677ca365c840c4,2026-09-14T04:01:55.647126+00:00,results/shard_09
